com.samsung.shealth.exercise.program_schedule,6302031,3
duration,planned_date,state_update_time,week_info_id,custom,pace_info_id,day_info_id,update_time,create_time,state_updated_by,program_id,state,distance,deviceuuid,pkg_name,tracker_id,workout_day,program_info_id,datauuid
0,2025-01-21 22:30:00.000,2025-01-14 03:46:44.036,,1a009c72-8445-4b22-b9c9-eb5593f93c62.custom.json,0,,2025-01-14 03:46:44.353,2025-01-14 03:46:44.353,200,670a87ad-2b43-482f-8538-c7d9f0d2eb16,500,0.0,EmOHuC/o0o,com.sec.android.app.shealth,,0,program.sport_couch_to_5k_ex_v010,1a009c72-8445-4b22-b9c9-eb5593f93c62,
0,2025-01-23 22:30:00.000,2025-01-14 03:46:44.037,,5aebec4b-ce97-4c7a-aee9-76351c2b64e9.custom.json,0,,2025-01-14 03:46:44.356,2025-01-14 03:46:44.356,200,670a87ad-2b43-482f-8538-c7d9f0d2eb16,500,0.0,EmOHuC/o0o,com.sec.android.app.shealth,,0,program.sport_couch_to_5k_ex_v010,5aebec4b-ce97-4c7a-aee9-76351c2b64e9,
0,2025-01-25 22:30:00.000,2025-01-14 03:46:44.037,,b0bc567a-a1f4-4cde-b6b2-5eb0a3eac410.custom.json,0,,2025-01-14 03:46:44.363,2025-01-14 03:46:44.363,200,670a87ad-2b43-482f-8538-c7d9f0d2eb16,500,0.0,EmOHuC/o0o,com.sec.android.app.shealth,,0,program.sport_couch_to_5k_ex_v010,b0bc567a-a1f4-4cde-b6b2-5eb0a3eac410,
0,2025-01-26 22:30:00.000,2025-01-14 03:46:44.037,,c2531e67-57a4-48fc-98e8-eb08e029df48.custom.json,0,,2025-01-14 03:46:44.367,2025-01-14 03:46:44.367,200,670a87ad-2b43-482f-8538-c7d9f0d2eb16,500,0.0,EmOHuC/o0o,com.sec.android.app.shealth,,0,program.sport_couch_to_5k_ex_v010,c2531e67-57a4-48fc-98e8-eb08e029df48,
1800,2025-01-29 22:30:00.000,2025-01-14 03:46:44.037,,d653828d-d25b-4831-8505-192a18f130e8.custom.json,110100205,,2025-01-14 03:46:44.376,2025-01-14 03:46:44.376,200,670a87ad-2b43-482f-8538-c7d9f0d2eb16,0,0.0,EmOHuC/o0o,com.sec.android.app.shealth,,1,program.sport_couch_to_5k_ex_v010,d653828d-d25b-4831-8505-192a18f130e8,
0,2025-01-19 22:30:00.000,2025-01-14 03:46:44.034,,869412e3-1f1a-4aea-bb66-bed87a172af5.custom.json,0,,2025-01-14 03:46:44.339,2025-01-14 03:46:44.339,200,670a87ad-2b43-482f-8538-c7d9f0d2eb16,500,0.0,EmOHuC/o0o,com.sec.android.app.shealth,,0,program.sport_couch_to_5k_ex_v010,869412e3-1f1a-4aea-bb66-bed87a172af5,
0,2025-01-30 22:30:00.000,2025-01-14 03:46:44.037,,6f4e6298-0d20-4fd0-a01f-853199af21bd.custom.json,0,,2025-01-14 03:46:44.380,2025-01-14 03:46:44.380,200,670a87ad-2b43-482f-8538-c7d9f0d2eb16,500,0.0,EmOHuC/o0o,com.sec.android.app.shealth,,0,program.sport_couch_to_5k_ex_v010,6f4e6298-0d20-4fd0-a01f-853199af21bd,
1860,2025-02-05 22:30:00.000,2025-01-14 03:46:44.038,,f34f61f2-8cc8-47ce-aedd-1e32b33e482e.custom.json,110100308,,2025-02-06 15:40:48.268,2025-01-14 03:46:44.399,200,670a87ad-2b43-482f-8538-c7d9f0d2eb16,300,2545.0,EmOHuC/o0o,com.sec.android.app.shealth,8ce5f865-5d93-4994-ad17-dd255fba31d4,1,program.sport_couch_to_5k_ex_v010,f34f61f2-8cc8-47ce-aedd-1e32b33e482e,
1860,2025-02-03 22:30:00.000,2025-01-14 03:46:44.038,,4376e9eb-21c8-462d-b90a-cfda48ebb52b.custom.json,110100307,,2025-01-14 03:46:44.395,2025-01-14 03:46:44.395,200,670a87ad-2b43-482f-8538-c7d9f0d2eb16,0,2470.0,EmOHuC/o0o,com.sec.android.app.shealth,,1,program.sport_couch_to_5k_ex_v010,4376e9eb-21c8-462d-b90a-cfda48ebb52b,
1860,2025-02-07 22:30:00.000,2025-01-14 03:46:44.040,,a9ee9327-cb2d-4635-b120-78ff3c70612c.custom.json,110100309,,2025-01-14 03:46:44.410,2025-01-14 03:46:44.410,200,670a87ad-2b43-482f-8538-c7d9f0d2eb16,0,2590.0,EmOHuC/o0o,com.sec.android.app.shealth,,1,program.sport_couch_to_5k_ex_v010,a9ee9327-cb2d-4635-b120-78ff3c70612c,
0,2025-02-02 22:30:00.000,2025-01-14 03:46:44.038,,e2d64759-ea48-46fd-aeab-e5469246ebe1.custom.json,0,,2025-01-14 03:46:44.389,2025-01-14 03:46:44.389,200,670a87ad-2b43-482f-8538-c7d9f0d2eb16,500,0.0,EmOHuC/o0o,com.sec.android.app.shealth,,0,program.sport_couch_to_5k_ex_v010,e2d64759-ea48-46fd-aeab-e5469246ebe1,
0,2025-02-09 22:30:00.000,2025-01-14 03:46:44.040,,75e24860-487d-43b6-b0cd-c7b8ba85cd01.custom.json,0,,2025-01-14 03:46:44.433,2025-01-14 03:46:44.433,200,670a87ad-2b43-482f-8538-c7d9f0d2eb16,500,0.0,EmOHuC/o0o,com.sec.android.app.shealth,,0,program.sport_couch_to_5k_ex_v010,75e24860-487d-43b6-b0cd-c7b8ba85cd01,
1800,2025-01-31 22:30:00.000,2025-01-14 03:46:44.038,,aff22df1-7beb-4827-87a1-ea74a35fea32.custom.json,110100206,,2025-01-14 03:46:44.382,2025-01-14 03:46:44.382,200,670a87ad-2b43-482f-8538-c7d9f0d2eb16,0,0.0,EmOHuC/o0o,com.sec.android.app.shealth,,1,program.sport_couch_to_5k_ex_v010,aff22df1-7beb-4827-87a1-ea74a35fea32,
0,2025-02-08 22:30:00.000,2025-01-14 03:46:44.040,,79cd740d-8757-4cd0-aa44-8d2b8591ddf5.custom.json,0,,2025-01-14 03:46:44.419,2025-01-14 03:46:44.419,200,670a87ad-2b43-482f-8538-c7d9f0d2eb16,500,0.0,EmOHuC/o0o,com.sec.android.app.shealth,,0,program.sport_couch_to_5k_ex_v010,79cd740d-8757-4cd0-aa44-8d2b8591ddf5,
0,2025-02-11 22:30:00.000,2025-01-14 03:46:44.040,,576083db-5fd6-460e-b02e-c3328a27082d.custom.json,0,,2025-01-14 03:46:44.435,2025-01-14 03:46:44.435,200,670a87ad-2b43-482f-8538-c7d9f0d2eb16,500,0.0,EmOHuC/o0o,com.sec.android.app.shealth,,0,program.sport_couch_to_5k_ex_v010,576083db-5fd6-460e-b02e-c3328a27082d,
0,2025-01-28 22:30:00.000,2025-01-14 03:46:44.037,,7689b26c-947f-4116-aca8-f3cb1d8f4ac1.custom.json,0,,2025-01-14 03:46:44.376,2025-01-14 03:46:44.376,200,670a87ad-2b43-482f-8538-c7d9f0d2eb16,500,0.0,EmOHuC/o0o,com.sec.android.app.shealth,,0,program.sport_couch_to_5k_ex_v010,7689b26c-947f-4116-aca8-f3cb1d8f4ac1,
0,2025-02-01 22:30:00.000,2025-01-14 03:46:44.038,,9fb3a1e2-d32c-4037-a395-520b856e106c.custom.json,0,,2025-01-14 03:46:44.389,2025-01-14 03:46:44.389,200,670a87ad-2b43-482f-8538-c7d9f0d2eb16,500,0.0,EmOHuC/o0o,com.sec.android.app.shealth,,0,program.sport_couch_to_5k_ex_v010,9fb3a1e2-d32c-4037-a395-520b856e106c,
0,2025-02-06 22:30:00.000,2025-01-14 03:46:44.038,,4ca14b80-6052-45e1-b76a-6f9b46011c78.custom.json,0,,2025-01-14 03:46:44.406,2025-01-14 03:46:44.406,200,670a87ad-2b43-482f-8538-c7d9f0d2eb16,500,0.0,EmOHuC/o0o,com.sec.android.app.shealth,,0,program.sport_couch_to_5k_ex_v010,4ca14b80-6052-45e1-b76a-6f9b46011c78,
0,2025-02-04 22:30:00.000,2025-01-14 03:46:44.038,,344e4395-6f0b-41eb-8c0d-6bccab475063.custom.json,0,,2025-01-14 03:46:44.395,2025-01-14 03:46:44.395,200,670a87ad-2b43-482f-8538-c7d9f0d2eb16,500,0.0,EmOHuC/o0o,com.sec.android.app.shealth,,0,program.sport_couch_to_5k_ex_v010,344e4395-6f0b-41eb-8c0d-6bccab475063,
0,2025-02-13 22:30:00.000,2025-01-14 03:46:44.041,,b42032f2-0f7e-4711-889e-3159e375bec1.custom.json,0,,2025-01-14 03:46:44.463,2025-01-14 03:46:44.463,200,670a87ad-2b43-482f-8538-c7d9f0d2eb16,500,0.0,EmOHuC/o0o,com.sec.android.app.shealth,,0,program.sport_couch_to_5k_ex_v010,b42032f2-0f7e-4711-889e-3159e375bec1,
0,2025-02-15 22:30:00.000,2025-01-14 03:46:44.041,,38119d1c-e9a7-4bb3-b4d0-2dd1c9c0addb.custom.json,0,,2025-01-14 03:46:44.470,2025-01-14 03:46:44.470,200,670a87ad-2b43-482f-8538-c7d9f0d2eb16,500,0.0,EmOHuC/o0o,com.sec.android.app.shealth,,0,program.sport_couch_to_5k_ex_v010,38119d1c-e9a7-4bb3-b4d0-2dd1c9c0addb,
0,2025-02-27 22:30:00.000,2025-01-14 03:46:44.045,,4ed7d758-7bb2-4a88-8223-db4b97aed58a.custom.json,0,,2025-01-14 03:46:44.509,2025-01-14 03:46:44.509,200,670a87ad-2b43-482f-8538-c7d9f0d2eb16,500,0.0,EmOHuC/o0o,com.sec.android.app.shealth,,0,program.sport_couch_to_5k_ex_v010,4ed7d758-7bb2-4a88-8223-db4b97aed58a,
1860,2025-02-21 22:30:00.000,2025-01-14 03:46:44.045,,6a283f4b-12aa-46a8-af25-7a1072631c95.custom.json,110100515,,2025-01-14 03:46:44.498,2025-01-14 03:46:44.498,200,670a87ad-2b43-482f-8538-c7d9f0d2eb16,0,2864.0,EmOHuC/o0o,com.sec.android.app.shealth,,1,program.sport_couch_to_5k_ex_v010,6a283f4b-12aa-46a8-af25-7a1072631c95,
1680,2025-02-10 22:30:00.000,2025-01-14 03:46:44.040,,3523ea39-cc96-4a4a-9d3a-17bcd842938d.custom.json,110100410,,2025-01-14 03:46:44.433,2025-01-14 03:46:44.433,200,670a87ad-2b43-482f-8538-c7d9f0d2eb16,0,2350.0,EmOHuC/o0o,com.sec.android.app.shealth,,1,program.sport_couch_to_5k_ex_v010,3523ea39-cc96-4a4a-9d3a-17bcd842938d,
0,2025-02-18 22:30:00.000,2025-01-14 03:46:44.044,,dc254a3a-5cf9-4f0e-8819-516594bc04d8.custom.json,0,,2025-01-14 03:46:44.485,2025-01-14 03:46:44.485,200,670a87ad-2b43-482f-8538-c7d9f0d2eb16,500,0.0,EmOHuC/o0o,com.sec.android.app.shealth,,0,program.sport_couch_to_5k_ex_v010,dc254a3a-5cf9-4f0e-8819-516594bc04d8,
1860,2025-02-26 22:30:00.000,2025-02-27 18:30:53.487,,df9160fc-66ca-4d69-b8a6-89c7d8d46cf8.custom.json,110100617,,2025-02-28 17:31:05.381,2025-01-14 03:46:44.509,200,670a87ad-2b43-482f-8538-c7d9f0d2eb16,300,2996.0,EmOHuC/o0o,com.sec.android.app.shealth,49b5aa7a-fe68-42ba-ad41-79af29ed4f2c,1,program.sport_couch_to_5k_ex_v010,df9160fc-66ca-4d69-b8a6-89c7d8d46cf8,
1680,2025-02-14 22:30:00.000,2025-01-14 03:46:44.041,,7c181a6e-a7ad-4dcb-b208-d6e8b8addf51.custom.json,110100412,,2025-01-14 03:46:44.463,2025-01-14 03:46:44.463,200,670a87ad-2b43-482f-8538-c7d9f0d2eb16,0,2350.0,EmOHuC/o0o,com.sec.android.app.shealth,,1,program.sport_couch_to_5k_ex_v010,7c181a6e-a7ad-4dcb-b208-d6e8b8addf51,
0,2025-02-23 22:30:00.000,2025-01-14 03:46:44.045,,da0f8879-83f0-4d39-a5a9-f8e45a306c3b.custom.json,0,,2025-01-14 03:46:44.502,2025-01-14 03:46:44.502,200,670a87ad-2b43-482f-8538-c7d9f0d2eb16,500,0.0,EmOHuC/o0o,com.sec.android.app.shealth,,0,program.sport_couch_to_5k_ex_v010,da0f8879-83f0-4d39-a5a9-f8e45a306c3b,
0,2025-03-06 22:30:00.000,2025-01-14 03:46:44.046,,721b9abf-360d-45ef-b873-d4a5df2cec4b.custom.json,0,,2025-01-14 03:46:44.526,2025-01-14 03:46:44.526,200,670a87ad-2b43-482f-8538-c7d9f0d2eb16,500,0.0,EmOHuC/o0o,com.sec.android.app.shealth,,0,program.sport_couch_to_5k_ex_v010,721b9abf-360d-45ef-b873-d4a5df2cec4b,
0,2025-02-16 22:30:00.000,2025-01-14 03:46:44.044,,2d303e53-d828-4d96-a283-69ca678f8523.custom.json,0,,2025-01-14 03:46:44.474,2025-01-14 03:46:44.474,200,670a87ad-2b43-482f-8538-c7d9f0d2eb16,500,0.0,EmOHuC/o0o,com.sec.android.app.shealth,,0,program.sport_couch_to_5k_ex_v010,2d303e53-d828-4d96-a283-69ca678f8523,
0,2025-02-25 22:30:00.000,2025-01-14 03:46:44.045,,4918bfb4-c7c6-40f9-94f5-2e3ef68192b2.custom.json,0,,2025-01-14 03:46:44.506,2025-01-14 03:46:44.506,200,670a87ad-2b43-482f-8538-c7d9f0d2eb16,500,0.0,EmOHuC/o0o,com.sec.android.app.shealth,,0,program.sport_couch_to_5k_ex_v010,4918bfb4-c7c6-40f9-94f5-2e3ef68192b2,
1860,2025-02-19 22:30:00.000,2025-01-14 03:46:44.044,,47f2628e-187e-40e1-84fb-35835005aa9c.custom.json,110100514,,2025-01-14 03:46:44.490,2025-01-14 03:46:44.490,200,670a87ad-2b43-482f-8538-c7d9f0d2eb16,0,2864.0,EmOHuC/o0o,com.sec.android.app.shealth,,1,program.sport_couch_to_5k_ex_v010,47f2628e-187e-40e1-84fb-35835005aa9c,
0,2025-02-22 22:30:00.000,2025-01-14 03:46:44.045,,a9d7c125-4311-4283-82a9-65eb9cd44a34.custom.json,0,,2025-01-14 03:46:44.499,2025-01-14 03:46:44.499,200,670a87ad-2b43-482f-8538-c7d9f0d2eb16,500,0.0,EmOHuC/o0o,com.sec.android.app.shealth,,0,program.sport_couch_to_5k_ex_v010,a9d7c125-4311-4283-82a9-65eb9cd44a34,
0,2025-03-02 22:30:00.000,2025-01-14 03:46:44.046,,f6101c12-6e65-4595-a11a-09659c3d4700.custom.json,0,,2025-01-14 03:46:44.513,2025-01-14 03:46:44.513,200,670a87ad-2b43-482f-8538-c7d9f0d2eb16,500,0.0,EmOHuC/o0o,com.sec.android.app.shealth,,0,program.sport_couch_to_5k_ex_v010,f6101c12-6e65-4595-a11a-09659c3d4700,
1860,2025-02-17 22:30:00.000,2025-01-14 03:46:44.044,,ac7a7499-73b2-4375-a1a2-08cc10097c73.custom.json,110100513,,2025-02-18 11:25:05.410,2025-01-14 03:46:44.478,200,670a87ad-2b43-482f-8538-c7d9f0d2eb16,300,2864.0,EmOHuC/o0o,com.sec.android.app.shealth,ac971aa2-737b-4b57-80fe-1706fe3c4702,1,program.sport_couch_to_5k_ex_v010,ac7a7499-73b2-4375-a1a2-08cc10097c73,
0,2025-02-20 22:30:00.000,2025-01-14 03:46:44.044,,7a8acfbf-2fcb-4c9b-b2ee-33792ae4d126.custom.json,0,,2025-01-14 03:46:44.494,2025-01-14 03:46:44.494,200,670a87ad-2b43-482f-8538-c7d9f0d2eb16,500,0.0,EmOHuC/o0o,com.sec.android.app.shealth,,0,program.sport_couch_to_5k_ex_v010,7a8acfbf-2fcb-4c9b-b2ee-33792ae4d126,
1680,2025-02-12 22:30:00.000,2025-01-14 03:46:44.041,,65f6115c-c4d9-4f11-aebb-c0dfb4280019.custom.json,110100411,,2025-01-14 03:46:44.435,2025-01-14 03:46:44.435,200,670a87ad-2b43-482f-8538-c7d9f0d2eb16,0,2350.0,EmOHuC/o0o,com.sec.android.app.shealth,,1,program.sport_couch_to_5k_ex_v010,65f6115c-c4d9-4f11-aebb-c0dfb4280019,
1980,2025-03-05 22:30:00.000,2025-03-06 18:41:46.542,,b0d4b3e0-17aa-4817-80f4-7f11d24cb9a5.custom.json,110100720,,2025-03-07 17:41:40.288,2025-01-14 03:46:44.522,200,670a87ad-2b43-482f-8538-c7d9f0d2eb16,300,3497.0,EmOHuC/o0o,com.sec.android.app.shealth,e46ee5a9-50e0-4101-bcdf-5494b7994d99,1,program.sport_couch_to_5k_ex_v010,b0d4b3e0-17aa-4817-80f4-7f11d24cb9a5,
1860,2025-02-28 22:30:00.000,2025-01-14 03:46:44.046,,86ed2380-ac33-44b1-8451-2992394fad0f.custom.json,110100618,,2025-01-14 03:46:44.513,2025-01-14 03:46:44.513,200,670a87ad-2b43-482f-8538-c7d9f0d2eb16,0,3080.0,EmOHuC/o0o,com.sec.android.app.shealth,,1,program.sport_couch_to_5k_ex_v010,86ed2380-ac33-44b1-8451-2992394fad0f,
0,2025-03-08 22:30:00.000,2025-01-14 03:46:44.046,,667b3f11-9f91-4ffd-924a-98a5afb4fbd7.custom.json,0,,2025-01-14 03:46:44.534,2025-01-14 03:46:44.534,200,670a87ad-2b43-482f-8538-c7d9f0d2eb16,500,0.0,EmOHuC/o0o,com.sec.android.app.shealth,,0,program.sport_couch_to_5k_ex_v010,667b3f11-9f91-4ffd-924a-98a5afb4fbd7,
1920,2025-02-24 22:30:00.000,2025-01-14 03:46:44.045,,1e445e77-9632-4db3-9979-53b93a5a7c30.custom.json,110100616,,2025-01-14 03:46:44.506,2025-01-14 03:46:44.506,200,670a87ad-2b43-482f-8538-c7d9f0d2eb16,0,3076.0,EmOHuC/o0o,com.sec.android.app.shealth,,1,program.sport_couch_to_5k_ex_v010,1e445e77-9632-4db3-9979-53b93a5a7c30,
0,2025-03-23 22:30:00.000,2025-01-14 03:46:44.056,,db5db35d-1140-48e8-ae4e-4aae1feef969.custom.json,0,,2025-01-14 03:46:44.595,2025-01-14 03:46:44.595,200,670a87ad-2b43-482f-8538-c7d9f0d2eb16,500,0.0,EmOHuC/o0o,com.sec.android.app.shealth,,0,program.sport_couch_to_5k_ex_v010,db5db35d-1140-48e8-ae4e-4aae1feef969,
0,2025-03-15 22:30:00.000,2025-01-14 03:46:44.053,,f78c6328-55b1-4f74-bbb3-10e878bc7860.custom.json,0,,2025-01-14 03:46:44.567,2025-01-14 03:46:44.567,200,670a87ad-2b43-482f-8538-c7d9f0d2eb16,500,0.0,EmOHuC/o0o,com.sec.android.app.shealth,,0,program.sport_couch_to_5k_ex_v010,f78c6328-55b1-4f74-bbb3-10e878bc7860,
1980,2025-03-07 22:30:00.000,2025-01-14 03:46:44.046,,0d1a614f-36b8-4880-9234-3b1b4f71998f.custom.json,110100721,,2025-01-14 03:46:44.526,2025-01-14 03:46:44.526,200,670a87ad-2b43-482f-8538-c7d9f0d2eb16,0,3497.0,EmOHuC/o0o,com.sec.android.app.shealth,,1,program.sport_couch_to_5k_ex_v010,0d1a614f-36b8-4880-9234-3b1b4f71998f,
0,2025-03-01 22:30:00.000,2025-01-14 03:46:44.046,,a118b5e4-bdce-44f9-9d2d-4e63f4d4f6e2.custom.json,0,,2025-01-14 03:46:44.513,2025-01-14 03:46:44.513,200,670a87ad-2b43-482f-8538-c7d9f0d2eb16,500,0.0,EmOHuC/o0o,com.sec.android.app.shealth,,0,program.sport_couch_to_5k_ex_v010,a118b5e4-bdce-44f9-9d2d-4e63f4d4f6e2,
0,2025-03-04 22:30:00.000,2025-01-14 03:46:44.046,,058b846a-4d1e-404a-97a4-c3f8942e4459.custom.json,0,,2025-01-14 03:46:44.519,2025-01-14 03:46:44.519,200,670a87ad-2b43-482f-8538-c7d9f0d2eb16,500,0.0,EmOHuC/o0o,com.sec.android.app.shealth,,0,program.sport_couch_to_5k_ex_v010,058b846a-4d1e-404a-97a4-c3f8942e4459,
0,2025-03-09 22:30:00.000,2025-01-14 03:46:44.046,,cba8cca7-a672-444b-b34b-46e78f340dbc.custom.json,0,,2025-01-14 03:46:44.535,2025-01-14 03:46:44.535,200,670a87ad-2b43-482f-8538-c7d9f0d2eb16,500,0.0,EmOHuC/o0o,com.sec.android.app.shealth,,0,program.sport_couch_to_5k_ex_v010,cba8cca7-a672-444b-b34b-46e78f340dbc,
2100,2025-03-19 22:30:00.000,2025-01-14 03:46:44.053,,e95f7941-912d-4d92-99c8-464ffcfdab8c.custom.json,110100926,,2025-01-14 03:46:44.589,2025-01-14 03:46:44.589,200,670a87ad-2b43-482f-8538-c7d9f0d2eb16,0,4163.0,EmOHuC/o0o,com.sec.android.app.shealth,,1,program.sport_couch_to_5k_ex_v010,e95f7941-912d-4d92-99c8-464ffcfdab8c,
2040,2025-03-03 22:30:00.000,2025-01-14 03:46:44.046,,0a30a55e-0723-446f-ae13-adabba0c8b70.custom.json,110100719,,2025-01-14 03:46:44.515,2025-01-14 03:46:44.515,200,670a87ad-2b43-482f-8538-c7d9f0d2eb16,0,3477.0,EmOHuC/o0o,com.sec.android.app.shealth,,1,program.sport_couch_to_5k_ex_v010,0a30a55e-0723-446f-ae13-adabba0c8b70,
0,2025-03-22 22:30:00.000,2025-01-14 03:46:44.056,,7f41d007-7def-41c0-bb49-d4cdb6dfadcb.custom.json,0,,2025-01-14 03:46:44.594,2025-01-14 03:46:44.594,200,670a87ad-2b43-482f-8538-c7d9f0d2eb16,500,0.0,EmOHuC/o0o,com.sec.android.app.shealth,,0,program.sport_couch_to_5k_ex_v010,7f41d007-7def-41c0-bb49-d4cdb6dfadcb,
0,2025-03-11 22:30:00.000,2025-01-14 03:46:44.047,,3c20bfe9-358f-4d98-90f1-a08a7a757407.custom.json,0,,2025-01-14 03:46:44.540,2025-01-14 03:46:44.540,200,670a87ad-2b43-482f-8538-c7d9f0d2eb16,500,0.0,EmOHuC/o0o,com.sec.android.app.shealth,,0,program.sport_couch_to_5k_ex_v010,3c20bfe9-358f-4d98-90f1-a08a7a757407,
2280,2025-03-21 22:30:00.000,2025-01-14 03:46:44.053,,be80e545-6b71-4bb5-816e-5a3a37820aef.custom.json,110100927,,2025-01-14 03:46:44.593,2025-01-14 03:46:44.593,200,670a87ad-2b43-482f-8538-c7d9f0d2eb16,0,4593.0,EmOHuC/o0o,com.sec.android.app.shealth,,1,program.sport_couch_to_5k_ex_v010,be80e545-6b71-4bb5-816e-5a3a37820aef,
1800,2025-03-14 22:30:00.000,2025-01-14 03:46:44.052,,69063bc9-452e-4cd0-b2bd-8b9e7b7787bb.custom.json,110100824,,2025-01-14 03:46:44.566,2025-01-14 03:46:44.566,200,670a87ad-2b43-482f-8538-c7d9f0d2eb16,0,3413.0,EmOHuC/o0o,com.sec.android.app.shealth,,1,program.sport_couch_to_5k_ex_v010,69063bc9-452e-4cd0-b2bd-8b9e7b7787bb,
1800,2025-03-12 22:30:00.000,2025-01-14 03:46:44.047,,a2f4bd19-40d7-4833-b1ef-edaa634d6031.custom.json,110100823,,2025-01-14 03:46:44.545,2025-01-14 03:46:44.545,200,670a87ad-2b43-482f-8538-c7d9f0d2eb16,0,3413.0,EmOHuC/o0o,com.sec.android.app.shealth,,1,program.sport_couch_to_5k_ex_v010,a2f4bd19-40d7-4833-b1ef-edaa634d6031,
0,2025-03-18 22:30:00.000,2025-01-14 03:46:44.053,,6edbb465-11c0-48e6-a3b7-ff41382bd1ee.custom.json,0,,2025-01-14 03:46:44.588,2025-01-14 03:46:44.588,200,670a87ad-2b43-482f-8538-c7d9f0d2eb16,500,0.0,EmOHuC/o0o,com.sec.android.app.shealth,,0,program.sport_couch_to_5k_ex_v010,6edbb465-11c0-48e6-a3b7-ff41382bd1ee,
0,2025-03-13 22:30:00.000,2025-01-14 03:46:44.047,,9ed3eba1-8c97-4759-8141-98df27b5d00b.custom.json,0,,2025-01-14 03:46:44.566,2025-01-14 03:46:44.566,200,670a87ad-2b43-482f-8538-c7d9f0d2eb16,500,0.0,EmOHuC/o0o,com.sec.android.app.shealth,,0,program.sport_couch_to_5k_ex_v010,9ed3eba1-8c97-4759-8141-98df27b5d00b,
2400,2025-03-26 22:30:00.000,2025-01-14 03:46:44.056,,48519095-0b85-4a8f-ae6d-cc85de14ea6f.custom.json,110101029,,2025-01-14 03:46:44.601,2025-01-14 03:46:44.601,200,670a87ad-2b43-482f-8538-c7d9f0d2eb16,0,4980.0,EmOHuC/o0o,com.sec.android.app.shealth,,1,program.sport_couch_to_5k_ex_v010,48519095-0b85-4a8f-ae6d-cc85de14ea6f,
1800,2025-03-10 22:30:00.000,2025-01-14 03:46:44.047,,19da7728-ea8d-4a1e-a906-0aaa970d1901.custom.json,110100822,,2025-01-14 03:46:44.539,2025-01-14 03:46:44.539,200,670a87ad-2b43-482f-8538-c7d9f0d2eb16,0,3413.0,EmOHuC/o0o,com.sec.android.app.shealth,,1,program.sport_couch_to_5k_ex_v010,19da7728-ea8d-4a1e-a906-0aaa970d1901,
0,2025-03-16 22:30:00.000,2025-01-14 03:46:44.053,,6c4d9200-3f4e-48d0-b460-3c65d5850cbe.custom.json,0,,2025-01-14 03:46:44.574,2025-01-14 03:46:44.574,200,670a87ad-2b43-482f-8538-c7d9f0d2eb16,500,0.0,EmOHuC/o0o,com.sec.android.app.shealth,,0,program.sport_couch_to_5k_ex_v010,6c4d9200-3f4e-48d0-b460-3c65d5850cbe,
2100,2025-03-17 22:30:00.000,2025-01-14 03:46:44.053,,86660e41-ae2e-414a-b880-89008e257791.custom.json,110100925,,2025-01-14 03:46:44.586,2025-01-14 03:46:44.586,200,670a87ad-2b43-482f-8538-c7d9f0d2eb16,0,4163.0,EmOHuC/o0o,com.sec.android.app.shealth,,1,program.sport_couch_to_5k_ex_v010,86660e41-ae2e-414a-b880-89008e257791,
0,2025-03-20 22:30:00.000,2025-01-14 03:46:44.053,,43e145b8-1d25-4216-8389-98f62d03c1ef.custom.json,0,,2025-01-14 03:46:44.591,2025-01-14 03:46:44.591,200,670a87ad-2b43-482f-8538-c7d9f0d2eb16,500,0.0,EmOHuC/o0o,com.sec.android.app.shealth,,0,program.sport_couch_to_5k_ex_v010,43e145b8-1d25-4216-8389-98f62d03c1ef,
0,2025-03-25 22:30:00.000,2025-01-14 03:46:44.056,,c1243b4f-bedb-4f31-a3fe-bf6445fa3895.custom.json,0,,2025-01-14 03:46:44.598,2025-01-14 03:46:44.598,200,670a87ad-2b43-482f-8538-c7d9f0d2eb16,500,0.0,EmOHuC/o0o,com.sec.android.app.shealth,,0,program.sport_couch_to_5k_ex_v010,c1243b4f-bedb-4f31-a3fe-bf6445fa3895,
2400,2025-03-28 22:30:00.000,2025-01-14 03:46:44.057,,8c5ae0ea-0e36-428d-b160-868aa2cb23f6.custom.json,110101030,,2025-01-14 03:46:44.607,2025-01-14 03:46:44.607,200,670a87ad-2b43-482f-8538-c7d9f0d2eb16,0,4980.0,EmOHuC/o0o,com.sec.android.app.shealth,,1,program.sport_couch_to_5k_ex_v010,8c5ae0ea-0e36-428d-b160-868aa2cb23f6,
0,2025-03-27 22:30:00.000,2025-01-14 03:46:44.056,,14b7e572-58b5-4a7c-9fd8-7060b9fe1f73.custom.json,0,,2025-01-14 03:46:44.601,2025-01-14 03:46:44.601,200,670a87ad-2b43-482f-8538-c7d9f0d2eb16,500,0.0,EmOHuC/o0o,com.sec.android.app.shealth,,0,program.sport_couch_to_5k_ex_v010,14b7e572-58b5-4a7c-9fd8-7060b9fe1f73,
2400,2025-03-24 22:30:00.000,2025-01-14 03:46:44.056,,cc31d103-44cf-49ae-be81-9bb9a60152f2.custom.json,110101028,,2025-03-25 16:27:52.823,2025-01-14 03:46:44.595,200,670a87ad-2b43-482f-8538-c7d9f0d2eb16,300,4980.0,EmOHuC/o0o,com.sec.android.app.shealth,3ad666cc-7ab4-42c5-870d-2b6a54e43ac8,1,program.sport_couch_to_5k_ex_v010,cc31d103-44cf-49ae-be81-9bb9a60152f2,
1200,2025-01-20 22:30:00.000,2025-01-22 04:35:43.955,,c6355162-2466-4ace-9477-b145bf545a98.custom.json,110100101,,2025-01-22 04:35:44.017,2025-01-14 03:46:44.351,200,670a87ad-2b43-482f-8538-c7d9f0d2eb16,300,0.0,EmOHuC/o0o,com.sec.android.app.shealth,31987f32-578a-42fa-b78a-0b44ecfd1917,1,program.sport_couch_to_5k_ex_v010,c6355162-2466-4ace-9477-b145bf545a98,
1500,2025-01-22 22:30:00.000,2025-01-14 03:46:44.037,,34b55fff-4826-45ad-a254-82e7cce64765.custom.json,110100102,,2025-01-23 17:54:35.494,2025-01-14 03:46:44.356,200,670a87ad-2b43-482f-8538-c7d9f0d2eb16,300,0.0,EmOHuC/o0o,com.sec.android.app.shealth,666ae810-8725-4105-a647-8461598e7af2,1,program.sport_couch_to_5k_ex_v010,34b55fff-4826-45ad-a254-82e7cce64765,
1800,2025-01-24 22:30:00.000,2025-01-14 03:46:44.037,,64f37247-66a7-4637-b27d-c3bca11d8e1b.custom.json,110100103,,2025-01-25 15:06:23.954,2025-01-14 03:46:44.363,200,670a87ad-2b43-482f-8538-c7d9f0d2eb16,300,0.0,EmOHuC/o0o,com.sec.android.app.shealth,0240a525-8aac-4739-a0bb-e604c383637e,1,program.sport_couch_to_5k_ex_v010,64f37247-66a7-4637-b27d-c3bca11d8e1b,
1800,2025-01-27 22:30:00.000,2025-01-14 03:46:44.037,,68b19da2-eb99-4d6a-b7d0-5e8d7497092e.custom.json,110100204,,2025-01-28 18:16:37.674,2025-01-14 03:46:44.370,200,670a87ad-2b43-482f-8538-c7d9f0d2eb16,300,0.0,EmOHuC/o0o,com.sec.android.app.shealth,2cc37c87-a464-4fe4-ba33-f3ddf1dff617,1,program.sport_couch_to_5k_ex_v010,68b19da2-eb99-4d6a-b7d0-5e8d7497092e,
