com.samsung.shealth.food_frequent,6302031,1
eveningsnack_count,update_time,create_time,morningsnack_count,dinner_count,breakfast_count,deviceuuid,pkg_name,afternoonsnack_count,datauuid,food_info_id,lunch_count
0.0,2023-06-20 17:43:03.036,2023-06-20 17:43:03.036,0.0,0.0,0.0,EmOHuC/o0o,com.sec.android.app.shealth,0.0,ad76721c-04b6-4d8a-b1fa-442aaa96650a,fc93151d-93a2-4a4f-b4d5-a3aadc96d460,1.0,
0.0,2023-06-20 17:41:28.700,2023-06-20 17:41:28.700,0.0,0.0,1.0,EmOHuC/o0o,com.sec.android.app.shealth,0.0,4632e610-b853-49a9-8f0c-27d73dc65c82,3b9f1e82-5b71-40ec-8e9f-2d8c0b0c2ee7,0.0,
0.0,2023-06-20 17:41:28.679,2023-06-20 17:41:28.679,0.0,0.0,1.0,EmOHuC/o0o,com.sec.android.app.shealth,0.0,b631f4c7-0d14-4839-a062-bfb66a1e78d7,14b6cdc7-a4ae-4202-bbff-143360c53a1f,0.0,
0.0,2024-08-05 17:56:14.424,2024-08-05 17:56:14.424,0.0,0.0,0.0,EmOHuC/o0o,com.sec.android.app.shealth,0.0,be100109-a5d6-4f96-978f-4dcad315ce6f,e2c9b4d6-af02-4be7-b573-1bed5f5c368a,1.0,
0.0,2024-08-06 03:39:03.007,2024-08-06 03:39:03.007,0.0,0.0,0.0,EmOHuC/o0o,com.sec.android.app.shealth,0.0,845b8c1b-236b-4f5b-b4ad-01d0df89799d,01e32498-bd84-47d3-8ab1-b83357047847,1.0,
0.0,2024-08-06 09:38:26.647,2024-08-06 09:38:26.647,0.0,0.0,0.0,EmOHuC/o0o,com.sec.android.app.shealth,0.0,4fb16a81-7bab-435e-bbe3-11b3dc29d942,1b5e6d36-f596-407b-8df4-5ffada11b07d,1.0,
0.0,2024-08-06 16:32:42.379,2024-08-06 16:32:42.379,0.0,0.0,0.0,EmOHuC/o0o,com.sec.android.app.shealth,0.0,344f941a-e70c-4f24-b3c0-4be882e579cf,e9b6c252-b80b-4b08-a2cd-63df206f17a1,1.0,
0.0,2024-08-06 16:48:12.866,2024-08-06 16:48:12.866,0.0,1.0,0.0,EmOHuC/o0o,com.sec.android.app.shealth,0.0,856d8548-a6d9-4aa1-981b-44197483f345,b4c577de-79c0-4971-b01a-22abf0198219,0.0,
0.0,2024-08-06 16:48:12.879,2024-08-06 16:48:12.879,0.0,1.0,0.0,EmOHuC/o0o,com.sec.android.app.shealth,0.0,deb68f5c-11e4-4928-8e9c-be46d0bb8978,77f70ec2-e3d5-4541-9368-d036e4e9e990,0.0,
0.0,2024-08-06 16:48:12.913,2024-08-05 17:58:50.744,0.0,2.0,0.0,EmOHuC/o0o,com.sec.android.app.shealth,0.0,f0b4abdd-8d33-483f-8887-dee8b08d745e,6ef7ef4c-2442-48ca-a18b-465b58c17385,0.0,
0.0,2025-03-06 10:52:01.317,2024-08-05 18:01:02.382,1.0,1.0,1.0,3QItrwNcp5,com.sec.android.app.shealth,0.0,caab4677-6b77-4efe-b224-b0ace247df3a,49569d06-432e-46cb-81ac-fe16021d35ad,2.0,
1.0,2024-08-07 17:30:02.034,2024-08-07 17:30:02.034,0.0,0.0,0.0,EmOHuC/o0o,com.sec.android.app.shealth,0.0,dbd454b6-ff07-4b95-bc5c-a67d3594957a,04981a66-62ae-4a92-bd8e-9ca681cff81a,0.0,
0.0,2024-08-08 05:47:24.881,2024-08-08 05:47:24.881,0.0,0.0,1.0,EmOHuC/o0o,com.sec.android.app.shealth,0.0,fe5d851c-9ab2-4893-b370-8bb936e5c48f,b100631b-1759-4ee1-8b5c-cff2aea87435,0.0,
0.0,2024-08-08 07:56:53.096,2024-08-08 07:56:53.096,0.0,0.0,0.0,EmOHuC/o0o,com.sec.android.app.shealth,0.0,e633fadb-2153-4881-b0fb-18bd5126c924,278e506f-8bda-4c74-a7a0-fdf564e7b9f4,1.0,
0.0,2024-08-09 14:50:28.733,2024-08-09 14:50:28.733,0.0,0.0,0.0,EmOHuC/o0o,com.sec.android.app.shealth,0.0,44a2cb08-1918-4ef4-bd7d-6a009a8c5fb4,e974c5b1-638f-4319-9824-7d97a86afd5f,1.0,
1.0,2024-08-09 16:42:20.299,2024-08-09 16:42:20.299,0.0,0.0,0.0,EmOHuC/o0o,com.sec.android.app.shealth,0.0,7abf7fe6-d3f8-48db-8dec-bd88d1bc7c22,64801d7b-82cf-4b23-8f2e-02423f9f6961,0.0,
0.0,2024-08-09 16:41:39.822,2024-08-09 16:41:39.822,0.0,1.0,0.0,EmOHuC/o0o,com.sec.android.app.shealth,0.0,3351be3a-27e4-423d-b310-462b45b8bc5f,d4eb620a-d20f-4cd1-b398-f75d8922b965,0.0,
0.0,2024-08-11 06:50:57.168,2024-08-11 06:50:57.168,1.0,0.0,0.0,EmOHuC/o0o,com.sec.android.app.shealth,0.0,0f316c25-a9d8-469f-ab95-a13320d8c784,3c52aede-3751-4a34-8e27-f08009e2862b,0.0,
0.0,2024-08-12 07:03:57.533,2024-08-12 07:03:57.533,0.0,0.0,0.0,EmOHuC/o0o,com.sec.android.app.shealth,0.0,5aff17ca-14ae-493f-9467-cfceb56759ed,7e0e532f-991f-45f8-8a25-2002288bc589,1.0,
0.0,2024-08-12 07:01:36.160,2024-08-12 07:01:36.160,0.0,0.0,1.0,EmOHuC/o0o,com.sec.android.app.shealth,0.0,cdac8a87-6a8c-4058-806b-419e16e38a16,fe21c132-8729-4dc3-94ec-e8345384a1ce,0.0,
0.0,2024-08-13 06:45:40.787,2024-08-13 06:45:40.787,1.0,0.0,0.0,EmOHuC/o0o,com.sec.android.app.shealth,0.0,651d296a-189a-45d6-b3df-b7291956928f,a93c86b8-816d-4e3c-9071-f12a583b05ef,0.0,
0.0,2024-08-13 06:35:39.579,2024-08-13 06:35:39.579,0.0,1.0,0.0,EmOHuC/o0o,com.sec.android.app.shealth,0.0,d3e57f43-4680-49cf-adf9-470a59a5bee9,64f88d14-4284-4ac6-a2d4-9304e8a58f06,0.0,
2.0,2025-03-07 16:39:54.288,2024-08-13 06:36:11.952,0.0,0.0,0.0,3QItrwNcp5,com.sec.android.app.shealth,0.0,36071c37-2d0d-4048-bbb9-6f07fa2724dd,ca6656a9-d141-4ac7-9bb6-50345bc00d60,0.0,
0.0,2024-08-13 09:24:26.260,2024-08-13 09:24:26.260,0.0,0.0,0.0,EmOHuC/o0o,com.sec.android.app.shealth,0.0,64e9f445-1baf-4fba-aafb-9abe20377761,636bbac5-48f0-492c-bac6-bb6391cd1e94,1.0,
0.0,2024-08-13 09:24:26.314,2024-08-13 09:24:26.314,0.0,0.0,0.0,EmOHuC/o0o,com.sec.android.app.shealth,0.0,6b775b0f-4520-4013-a373-24cbc7675fa1,946be19b-16cb-4907-b4b3-607f8c51db2d,1.0,
0.0,2024-08-13 06:45:40.765,2024-08-06 03:48:16.915,1.0,0.0,3.0,EmOHuC/o0o,com.sec.android.app.shealth,0.0,2dead287-767b-49dc-8c02-662db62ecf26,2fd6390e-f4fd-4e49-b1cb-be5a2032c086,0.0,
0.0,2025-03-07 16:39:41.658,2024-08-13 06:35:39.573,1.0,1.0,0.0,3QItrwNcp5,com.sec.android.app.shealth,0.0,c631d349-db30-46a1-90b2-4336b56897ca,e5dd2040-cf43-4afa-bcb5-6abe53d6bd03,1.0,
0.0,2025-03-05 14:28:15.861,2024-08-13 09:24:26.272,0.0,0.0,0.0,3QItrwNcp5,com.sec.android.app.shealth,0.0,d3060a60-b0fd-4724-9bff-69ab3768c164,3f354db3-a2e6-421c-b17e-116be3b46247,2.0,
0.0,2024-08-13 09:24:26.304,2024-08-13 09:24:26.304,0.0,0.0,0.0,EmOHuC/o0o,com.sec.android.app.shealth,0.0,0506453a-e1fb-4c6e-8cb0-8d9a5b965ef0,f956b177-5190-4774-b8b5-27730a807a2b,1.0,
2.0,2024-08-14 15:29:05.964,2024-08-08 17:46:06.862,0.0,0.0,0.0,EmOHuC/o0o,com.sec.android.app.shealth,0.0,10c38c95-3ac2-4ac2-af4d-f7e60516db77,62db73cc-7333-462d-825f-2f28b424a9bb,0.0,
0.0,2024-08-14 16:43:30.830,2024-08-14 16:43:30.830,0.0,1.0,0.0,EmOHuC/o0o,com.sec.android.app.shealth,0.0,3b521d07-08ff-4a7d-846e-69324ea24a4d,e94c95f8-fbcb-4adc-872e-ed3e745bee2d,0.0,
0.0,2024-08-19 10:46:54.337,2024-08-19 10:46:54.337,0.0,0.0,0.0,EmOHuC/o0o,com.sec.android.app.shealth,0.0,9276a2d4-8c57-4acb-ac13-7f1a7cf2c813,7527bab9-cafe-41fe-abe8-0a5001e3621e,1.0,
0.0,2024-08-19 10:46:54.353,2024-08-19 10:46:54.353,0.0,0.0,0.0,EmOHuC/o0o,com.sec.android.app.shealth,0.0,acd36198-f4d0-4696-b1c4-8d89ddc545e4,be0ba394-b3fc-450f-b89d-534d0a606462,1.0,
0.0,2024-08-19 10:48:14.459,2024-08-19 10:48:14.459,0.0,0.0,0.0,EmOHuC/o0o,com.sec.android.app.shealth,1.0,ad47bfd3-4c15-43b1-a187-7ab5582ae858,7afe28d0-ac18-47a6-8564-3d90b03b15de,0.0,
0.0,2024-08-20 20:17:45.807,2024-08-20 20:13:21.948,0.0,2.0,0.0,EmOHuC/o0o,com.sec.android.app.shealth,0.0,1f12fd34-d90b-4c3f-be2e-c91494d28862,e526f388-be47-4f20-845b-e0e533072b76,0.0,
0.0,2024-08-20 20:18:45.498,2024-08-20 20:18:45.498,0.0,1.0,0.0,EmOHuC/o0o,com.sec.android.app.shealth,0.0,befabf83-a5fb-4b51-9b9e-f455235a4cb8,2ac3acbd-e35d-40e6-8fa0-898be36001be,0.0,
1.0,2024-08-21 03:52:06.165,2024-08-21 03:52:06.165,0.0,0.0,0.0,EmOHuC/o0o,com.sec.android.app.shealth,0.0,6285e53c-0440-492a-8cc0-d9d7ea3b9251,9d1bcce2-3371-49e9-8f24-2b580df42591,0.0,
0.0,2024-08-20 20:17:45.817,2024-08-20 20:13:21.961,0.0,2.0,0.0,EmOHuC/o0o,com.sec.android.app.shealth,0.0,045f8f7c-2547-4a58-b4c1-04a1f174b608,e65a9027-240a-499b-aafc-85ac505919c6,0.0,
0.0,2024-08-21 17:55:43.244,2024-08-21 17:55:43.244,0.0,1.0,0.0,EmOHuC/o0o,com.sec.android.app.shealth,0.0,f2d0eb94-220f-49d0-82b7-c1a373d6c57e,2d2dde21-83dc-4c1a-be07-9d10a07d73d9,0.0,
0.0,2024-08-21 17:55:43.252,2024-08-21 17:55:43.252,0.0,1.0,0.0,EmOHuC/o0o,com.sec.android.app.shealth,0.0,7d59132b-af22-4e79-9581-4d85281e673f,95bcf6e5-f661-42d9-9232-aa311372cf32,0.0,
1.0,2024-08-21 17:51:24.297,2024-08-21 17:51:24.297,0.0,0.0,0.0,EmOHuC/o0o,com.sec.android.app.shealth,0.0,88a7e4f9-419e-4af5-a138-da4b1f83c54d,5c6757f3-c026-472c-a215-2e44ef5195ab,0.0,
1.0,2024-08-23 05:35:34.312,2024-08-21 17:51:24.307,1.0,0.0,0.0,EmOHuC/o0o,com.sec.android.app.shealth,0.0,14cabe0c-fc75-4ea8-b332-e9e43112922b,f0e4a31e-1c4c-4791-9f75-bb2dede027b0,0.0,
1.0,2024-08-23 05:46:21.012,2024-08-23 05:46:21.012,0.0,0.0,0.0,EmOHuC/o0o,com.sec.android.app.shealth,0.0,73dbdbd0-888a-44f4-b47c-727f9c909a15,3134ff1a-e017-4ff5-9527-51d76deaaf41,0.0,
0.0,2024-08-29 04:04:10.127,2024-08-29 04:04:10.127,0.0,0.0,1.0,EmOHuC/o0o,com.sec.android.app.shealth,0.0,ec997e7d-41ad-48b8-8dac-6bc90b7cae20,109f00bd-85e7-4506-a19f-91f0323f3a99,0.0,
0.0,2024-09-01 04:16:20.955,2024-09-01 04:16:20.955,1.0,0.0,0.0,EmOHuC/o0o,com.sec.android.app.shealth,0.0,c1a0b2ab-a637-4ea6-bd4b-8ddaa7ebb07e,0411d89c-ae69-43d0-92a3-da09ba39c030,0.0,
0.0,2024-09-01 04:16:20.969,2024-08-11 06:50:57.156,2.0,0.0,0.0,EmOHuC/o0o,com.sec.android.app.shealth,0.0,af020bac-3626-457f-a169-cf6d3a56259e,16629457-3fc2-483b-8814-90398da9d6c7,0.0,
0.0,2024-09-01 04:16:20.976,2024-09-01 04:16:20.976,1.0,0.0,0.0,EmOHuC/o0o,com.sec.android.app.shealth,0.0,aa6cc136-43a9-4644-bbae-ee945a58a9a9,4ef85111-3eef-4471-b2b9-aac4e4e29095,0.0,
0.0,2024-09-01 04:16:20.984,2024-09-01 04:16:20.984,1.0,0.0,0.0,EmOHuC/o0o,com.sec.android.app.shealth,0.0,5e0cd503-5cf2-4ca9-8236-f4468ea4588e,2acee0e3-fa63-46cd-b95c-b9047922d533,0.0,
0.0,2024-09-01 04:16:20.993,2024-09-01 04:16:20.993,1.0,0.0,0.0,EmOHuC/o0o,com.sec.android.app.shealth,0.0,f8882848-1b69-425b-89e6-fc2902ff5a37,3515912e-2e5b-41aa-927c-f4cf4cbfba70,0.0,
0.0,2024-09-01 04:16:21.006,2024-09-01 04:16:21.006,1.0,0.0,0.0,EmOHuC/o0o,com.sec.android.app.shealth,0.0,fae0c122-b538-4883-bbfd-1dee006d0121,43121b24-f551-414c-b009-9d605df3fa58,0.0,
0.0,2024-09-02 16:31:40.458,2024-09-02 16:31:40.458,0.0,0.0,0.0,EmOHuC/o0o,com.sec.android.app.shealth,0.0,d45f7f6d-f161-4a25-88b7-2cdcf0d39348,a0f156fc-a63c-4bbe-9655-739d66834a07,1.0,
0.0,2024-09-02 16:32:05.900,2024-09-02 16:32:05.900,0.0,0.0,0.0,EmOHuC/o0o,com.sec.android.app.shealth,1.0,e4f764a7-4651-4844-ba4b-63c4449646ac,3ebce9ca-8ab2-44c7-9c74-7ce6ac9d3f08,0.0,
0.0,2024-09-03 18:32:28.079,2024-09-03 18:32:28.079,0.0,1.0,0.0,EmOHuC/o0o,com.sec.android.app.shealth,0.0,e24ebad1-be00-4321-a406-95c85286b583,efea9f62-ef2f-43a3-a605-9218c4c556e5,0.0,
0.0,2024-09-03 18:27:08.865,2024-09-03 18:27:08.865,0.0,0.0,0.0,EmOHuC/o0o,com.sec.android.app.shealth,0.0,079abf94-c8dc-43e4-8107-00170f7247c9,253f4885-7fe7-4e96-ae21-1f0cf09f6d76,1.0,
0.0,2024-09-03 18:32:28.102,2024-09-03 18:32:28.102,0.0,1.0,0.0,EmOHuC/o0o,com.sec.android.app.shealth,0.0,ad8c547e-abcb-44b0-a3b4-af3c13a34638,ba7755a1-753e-489d-b276-8e6754852af5,0.0,
2.0,2024-09-03 18:34:08.746,2024-08-09 14:43:08.420,0.0,0.0,1.0,EmOHuC/o0o,com.sec.android.app.shealth,0.0,63b059c2-6d7c-4274-bcd9-1c6a9544e769,9627846c-3fa1-41e9-aad8-35415617021d,0.0,
1.0,2024-09-03 18:34:08.737,2024-09-03 18:34:08.737,0.0,0.0,0.0,EmOHuC/o0o,com.sec.android.app.shealth,0.0,2ad24c9a-1752-4d18-9641-77b323316a01,81d5b81f-465e-48e8-97c6-2b36d10b9095,0.0,
1.0,2024-09-04 10:39:48.727,2024-08-07 17:30:02.058,0.0,0.0,0.0,EmOHuC/o0o,com.sec.android.app.shealth,1.0,a383acee-5b50-48e1-b983-170a290b4822,99ae4719-f9c4-4dc3-b39f-5d562c3f620c,0.0,
1.0,2024-09-04 10:43:14.453,2024-09-04 10:43:14.453,0.0,0.0,0.0,EmOHuC/o0o,com.sec.android.app.shealth,0.0,4c18c868-d3e3-4d48-b746-ed44eeb93ed8,ef508276-ed2c-4c85-b336-0cb0cffe06c2,0.0,
0.0,2024-09-04 16:27:55.410,2024-09-04 16:27:55.410,0.0,1.0,0.0,EmOHuC/o0o,com.sec.android.app.shealth,0.0,9320207a-8d77-4fc0-8c88-120975c91624,1d366342-b2da-4605-abce-fe2d7e7c53dc,0.0,
1.0,2024-11-12 15:32:28.550,2024-08-21 03:59:22.133,0.0,1.0,0.0,EmOHuC/o0o,com.sec.android.app.shealth,0.0,c116b2ed-2561-4a9c-b76f-459f94b93264,d2889c8a-b1fc-46b6-b5ed-c8cce6d0af7c,0.0,
0.0,2024-11-12 15:32:28.563,2024-11-12 15:32:28.563,0.0,1.0,0.0,EmOHuC/o0o,com.sec.android.app.shealth,0.0,54b908ae-a91e-42a5-acb3-042708c01d08,9bbc3c82-8b9e-4b19-9c74-1593b5d1a8ea,0.0,
0.0,2024-11-13 08:26:10.507,2024-11-13 08:26:10.507,0.0,0.0,0.0,EmOHuC/o0o,com.sec.android.app.shealth,0.0,38b013ec-2943-4fd5-8638-e628df54f5ed,304d589d-6171-49a2-8bb9-9c772f35a284,1.0,
0.0,2024-11-13 16:11:57.920,2024-11-13 16:11:57.920,0.0,1.0,0.0,EmOHuC/o0o,com.sec.android.app.shealth,0.0,72169908-61df-4472-89ea-bbe4f29580c7,fa5d4cd9-7497-48ff-830a-1935d5550f3c,0.0,
0.0,2024-11-14 15:15:06.734,2024-11-14 15:15:06.734,0.0,0.0,0.0,EmOHuC/o0o,com.sec.android.app.shealth,0.0,df245ab8-7174-42f2-a5f6-042860d9565b,fbb1a539-55ba-42ab-a1b0-de48f7e9c4c7,1.0,
0.0,2024-11-14 15:15:06.742,2024-11-14 15:15:06.742,0.0,0.0,0.0,EmOHuC/o0o,com.sec.android.app.shealth,0.0,56b90be5-4576-45df-b019-33c0ce624408,3b19e235-72e0-46ad-a5ba-e75396ea9e85,1.0,
0.0,2024-11-14 15:15:06.750,2024-11-14 15:15:06.750,0.0,0.0,0.0,EmOHuC/o0o,com.sec.android.app.shealth,0.0,fc081bd3-3b0c-4aa7-ba9f-36de4dc59b33,07022c55-f79a-44dd-a126-b51ec6730fda,1.0,
2.0,2024-11-14 15:16:23.395,2024-11-12 15:33:43.107,0.0,0.0,0.0,EmOHuC/o0o,com.sec.android.app.shealth,0.0,fadf9576-fcf9-4f56-8649-647086df096e,47e3e9f4-5eb0-4aca-a7e4-10eadbdb2c17,0.0,
0.0,2024-11-14 17:02:21.356,2024-11-14 17:02:21.356,0.0,1.0,0.0,EmOHuC/o0o,com.sec.android.app.shealth,0.0,c8fb2942-aa6e-4deb-abb8-c77df74edd8d,a84fbd63-d020-466b-8d3c-ea789bd835b7,0.0,
0.0,2024-11-15 16:39:47.772,2024-08-11 06:50:57.177,1.0,0.0,1.0,EmOHuC/o0o,com.sec.android.app.shealth,0.0,f0d226db-091f-4e66-ba51-7690c40cff69,469e2494-c36b-4958-a5d4-c049f2e5b1d5,0.0,
0.0,2024-11-15 16:42:21.324,2024-11-15 16:42:21.324,0.0,0.0,0.0,EmOHuC/o0o,com.sec.android.app.shealth,0.0,cd822b9f-1c3d-41ba-9ba8-1675de56f9f4,acdc493c-10af-4e01-a3c1-c3dd1ed32c7a,1.0,
1.0,2024-11-15 16:43:50.736,2024-11-15 16:43:50.736,0.0,0.0,0.0,EmOHuC/o0o,com.sec.android.app.shealth,0.0,0e8caea6-a221-4d9e-a6b7-ade9fc6c2f05,d6efa89d-8188-40f0-93ac-1fed6fb53c88,0.0,
1.0,2024-11-15 16:43:50.749,2024-11-15 16:43:50.749,0.0,0.0,0.0,EmOHuC/o0o,com.sec.android.app.shealth,0.0,9ca49ddf-ad5c-42b5-9872-b5206fe22975,663cef5b-dfca-4ac3-bb66-a00abd54f6c6,0.0,
0.0,2024-11-16 03:59:20.004,2024-08-05 17:58:50.759,0.0,1.0,1.0,EmOHuC/o0o,com.sec.android.app.shealth,0.0,e72af312-5521-405b-9c4f-27bfe4ffd4e6,7aaa7576-256b-4e1d-8441-de4f6b2e9c91,0.0,
0.0,2024-11-16 11:36:17.675,2024-11-16 11:36:17.675,0.0,0.0,0.0,EmOHuC/o0o,com.sec.android.app.shealth,1.0,f5c03df8-09b4-43b3-bb80-b3ce4d2eb5cb,bb2230c3-3e77-44d0-a291-44172163708b,0.0,
0.0,2024-11-16 11:36:17.690,2024-11-16 11:36:17.690,0.0,0.0,0.0,EmOHuC/o0o,com.sec.android.app.shealth,1.0,8f4d4ccb-4887-42ee-ae96-526ca45b4769,5c736e13-39f4-42ac-899c-7af71edc90be,0.0,
0.0,2024-11-16 11:36:17.702,2024-11-16 11:36:17.702,0.0,0.0,0.0,EmOHuC/o0o,com.sec.android.app.shealth,1.0,fed548b7-e2df-4c07-8244-713be5d4ee6e,76a5e67d-d95b-4a08-a144-2034584cda51,0.0,
0.0,2025-02-19 12:42:15.703,2024-11-16 11:36:17.713,0.0,0.0,0.0,3QItrwNcp5,com.sec.android.app.shealth,1.0,4a62b3f9-9a18-4b40-8eb8-c485e0c83441,24aa50e7-3d0d-4129-a2b3-ad8936b8c164,1.0,
0.0,2024-11-17 14:45:04.568,2024-11-17 14:45:04.568,0.0,0.0,0.0,EmOHuC/o0o,com.sec.android.app.shealth,0.0,a134536b-5ac2-4c62-9b2a-a269939fb9e8,6f5479d4-e2c9-47d6-b02b-956f64b0760f,1.0,
0.0,2024-11-17 14:47:59.503,2024-11-17 14:47:59.503,0.0,1.0,0.0,EmOHuC/o0o,com.sec.android.app.shealth,0.0,fb88580d-f783-4f87-abf6-7337c49d3f2f,a296aea8-ce93-413a-a3f9-a174472e11c4,0.0,
0.0,2024-11-17 14:45:04.555,2024-11-17 14:45:04.555,0.0,0.0,0.0,EmOHuC/o0o,com.sec.android.app.shealth,0.0,b77522cc-1b57-4ded-a013-425d0058ca87,df1fe9e5-2dde-47f2-803a-63de134fb2c7,1.0,
0.0,2024-11-17 14:47:59.520,2024-11-17 14:47:59.520,0.0,1.0,0.0,EmOHuC/o0o,com.sec.android.app.shealth,0.0,03a296a2-8e0e-4dc0-bf8c-e4da90be88bb,4e0310d4-e0a7-441d-aa52-87bb5a5f60a0,0.0,
0.0,2024-11-17 14:47:59.533,2024-11-17 14:47:59.533,0.0,1.0,0.0,EmOHuC/o0o,com.sec.android.app.shealth,0.0,4ac5eb15-2f09-4bbb-ae7c-35ef6535a9df,ab98190d-9995-4f5d-8eae-9515fc26ebf2,0.0,
1.0,2024-11-18 14:33:27.519,2024-11-13 08:27:33.163,0.0,0.0,0.0,EmOHuC/o0o,com.sec.android.app.shealth,1.0,7b50c5b7-54be-406f-9901-1663f91c533e,37e8084a-585a-4af6-ab3b-00b36a02689e,0.0,
0.0,2024-11-18 17:28:50.715,2024-11-17 14:44:04.842,0.0,1.0,1.0,EmOHuC/o0o,com.sec.android.app.shealth,0.0,0f14bb48-3858-4f96-9c23-594aca4caa78,4c0e729f-7e5c-48f9-90da-9302ee1d71d4,0.0,
0.0,2024-11-19 08:53:46.324,2024-11-19 08:53:46.324,0.0,0.0,0.0,EmOHuC/o0o,com.sec.android.app.shealth,0.0,22dc0e05-fb4c-493d-8678-04942f11d037,5a84f7c5-ab2a-4759-ae23-57fac4c6dceb,1.0,
0.0,2024-11-19 15:26:25.477,2024-11-18 17:28:50.724,0.0,2.0,0.0,EmOHuC/o0o,com.sec.android.app.shealth,0.0,fc0b9239-6083-4b20-abae-ad2e426868b7,9453bb40-6e66-4514-bb27-16c627f7088a,0.0,
0.0,2024-11-19 15:27:44.699,2024-11-13 16:11:57.937,0.0,1.0,1.0,EmOHuC/o0o,com.sec.android.app.shealth,0.0,d535b555-70b5-4fcf-b6b3-87d470bda0d3,abf51377-c953-4024-9413-5a0654ec5f45,0.0,
0.0,2024-11-19 16:14:13.521,2024-11-19 16:14:13.521,0.0,1.0,0.0,EmOHuC/o0o,com.sec.android.app.shealth,0.0,eaf2700e-6e5f-4663-9b55-e2b20d18fbe0,f6c9d1dd-3eb7-4135-967b-d7e7ee028678,0.0,
0.0,2024-11-20 13:35:06.437,2024-11-20 13:35:06.437,0.0,0.0,1.0,EmOHuC/o0o,com.sec.android.app.shealth,0.0,cf8b04a6-d8b5-4c00-981b-88ed36c7334d,c6ab30ca-7c49-4f4a-a8f3-56e6cf5f0b92,0.0,
1.0,2024-11-20 13:42:13.003,2024-11-20 13:42:13.003,0.0,0.0,0.0,EmOHuC/o0o,com.sec.android.app.shealth,0.0,ad409aa2-43b3-4660-90ad-68a3640e5e94,a28b0ee3-11ae-4a81-b566-e6baa16c1850,0.0,
0.0,2024-11-21 14:37:06.006,2024-11-21 14:37:06.006,0.0,0.0,0.0,EmOHuC/o0o,com.sec.android.app.shealth,0.0,970a25c0-1b0a-4293-ad1f-a7cfce334f48,35157854-be53-4b94-8fbe-23357bbc2f40,1.0,
1.0,2024-11-21 14:39:29.320,2024-11-21 14:39:29.320,0.0,0.0,0.0,EmOHuC/o0o,com.sec.android.app.shealth,0.0,6968ca9a-acdf-43bf-a85c-b74471da49f6,17317200-1e24-4f1f-936e-6162cf9da565,0.0,
0.0,2024-11-22 14:08:43.690,2024-11-22 14:08:43.690,0.0,1.0,0.0,EmOHuC/o0o,com.sec.android.app.shealth,0.0,8e78e2d5-1be9-4789-8a9a-458ae81b1eeb,dc71e7de-10a7-4a0f-9720-569d46f422e0,0.0,
0.0,2024-11-22 14:37:41.792,2024-11-22 14:37:41.792,0.0,0.0,1.0,EmOHuC/o0o,com.sec.android.app.shealth,0.0,14b68b90-47f0-4007-93ba-ef3c26c76494,c06f381d-7dd5-4071-ae33-a746be23f90f,0.0,
1.0,2024-11-22 14:35:33.934,2024-11-22 14:35:33.934,0.0,0.0,0.0,EmOHuC/o0o,com.sec.android.app.shealth,0.0,0192c3bc-0107-4e7a-a942-03595e458ea8,c7241c3e-cc4e-4bda-8cd4-6cd4007b55eb,0.0,
1.0,2024-11-22 14:35:33.949,2024-11-22 14:35:33.949,0.0,0.0,0.0,EmOHuC/o0o,com.sec.android.app.shealth,0.0,9af327fb-b440-41e9-a725-a7f1886bf54a,c18aa0de-8ee8-430c-bab5-128649b2cf39,0.0,
1.0,2024-11-22 14:35:33.962,2024-11-22 14:35:33.962,0.0,0.0,0.0,EmOHuC/o0o,com.sec.android.app.shealth,0.0,88c67bd0-2135-45d9-868d-37975cfa5f93,22889236-6c5e-43aa-b1cd-d19b48632253,0.0,
0.0,2024-11-22 14:37:41.823,2024-11-22 14:37:41.823,0.0,0.0,1.0,EmOHuC/o0o,com.sec.android.app.shealth,0.0,b5dab58a-48f8-45d0-bb01-6ed39385a2a6,9622a522-7a7b-4224-b8b1-ac4e2793ee7e,0.0,
1.0,2024-11-22 14:35:33.975,2024-11-22 14:35:33.975,0.0,0.0,0.0,EmOHuC/o0o,com.sec.android.app.shealth,0.0,4800c5d9-f347-48e6-abce-39bf1e78bfd9,43953385-27e0-41f4-9149-a9e4c81117e4,0.0,
1.0,2024-11-22 14:35:33.989,2024-11-22 14:35:33.989,0.0,0.0,0.0,EmOHuC/o0o,com.sec.android.app.shealth,0.0,81fa05be-f3bc-4f27-91c6-4e4626263876,0526a8af-7c02-482a-83e4-78646750437b,0.0,
0.0,2024-11-22 14:39:05.940,2024-11-18 14:32:49.161,1.0,0.0,0.0,EmOHuC/o0o,com.sec.android.app.shealth,1.0,5649fae9-b573-4e6c-aaf8-640d3263722c,da3d7386-2e17-4566-aee4-e446bc0145e9,0.0,
0.0,2024-11-22 14:37:41.816,2024-11-22 14:37:41.816,0.0,0.0,1.0,EmOHuC/o0o,com.sec.android.app.shealth,0.0,50579809-3368-45aa-956f-1a656fa17a32,91b9a6f4-c861-4cb3-aa62-db2f9287c592,0.0,
0.0,2024-11-22 16:12:20.427,2024-11-22 14:38:25.941,0.0,1.0,0.0,EmOHuC/o0o,com.sec.android.app.shealth,0.0,4ab69312-7922-4f46-9c5c-229d24c09306,92f1ac9a-50f8-4091-8169-220215347ea3,1.0,
0.0,2024-11-26 05:35:53.589,2024-11-26 05:35:53.589,0.0,0.0,0.0,EmOHuC/o0o,com.sec.android.app.shealth,0.0,b4db1832-5187-4f69-bc9b-3b43e1472494,2f4dedf9-d2bb-41f3-91d2-eaeb2e486edb,1.0,
0.0,2025-03-06 15:59:03.695,2024-11-19 08:53:46.337,0.0,2.0,0.0,3QItrwNcp5,com.sec.android.app.shealth,0.0,e7e4d2d3-5894-49b8-bd9d-aaa0986e4101,3ef4b563-9693-425b-8ad4-10df5e902b26,1.0,
0.0,2024-11-26 05:40:50.191,2024-08-19 10:46:54.322,0.0,0.0,0.0,EmOHuC/o0o,com.sec.android.app.shealth,0.0,b26d103b-4005-4ce0-b327-c23f5d5ab3bf,d1451d64-ac85-430e-8d12-c750c9aa8afc,3.0,
0.0,2024-11-26 07:44:18.022,2024-11-26 07:44:18.022,0.0,0.0,0.0,EmOHuC/o0o,com.sec.android.app.shealth,0.0,e8abda26-650e-413a-834e-bb40d55ff607,8ea26e5f-c9b3-434e-a81f-9fb2ec5ee474,1.0,
3.0,2025-02-18 18:23:13.729,2024-08-09 14:52:07.002,0.0,2.0,0.0,3QItrwNcp5,com.sec.android.app.shealth,0.0,6630475d-ac9b-47ba-b0e9-53e916c1fd81,fc3840cd-8bdb-44a9-9647-e428091cef98,1.0,
0.0,2024-11-26 16:50:05.499,2024-11-26 16:50:05.499,0.0,1.0,0.0,EmOHuC/o0o,com.sec.android.app.shealth,0.0,69e6772d-5ccb-418c-be28-3ab1a7554845,38857e27-db80-4b7b-87cf-d052ea1ba0e8,0.0,
0.0,2025-03-03 15:30:55.229,2024-11-19 15:27:44.772,0.0,2.0,0.0,3QItrwNcp5,com.sec.android.app.shealth,1.0,d2a8f1e8-d4dc-43ba-a182-51c3a7f118f0,ffb69f0b-5e30-4447-beac-91434c68b311,0.0,
0.0,2024-11-27 06:49:34.809,2024-11-27 06:49:34.809,1.0,0.0,0.0,EmOHuC/o0o,com.sec.android.app.shealth,0.0,4660be5c-9394-49ad-aaa7-2e5e670851b8,3fe3d7e7-ff7a-478d-8a12-4d3d6b6d4e24,0.0,
1.0,2025-02-19 12:39:40.215,2024-08-06 03:37:27.608,1.0,1.0,0.0,3QItrwNcp5,com.sec.android.app.shealth,0.0,7c9079af-f2f3-4c2f-92ab-45bebaa3a860,d4c31114-2be3-4c11-b6e8-953d6a553751,0.0,
0.0,2024-11-27 06:50:51.836,2024-11-14 15:11:55.350,0.0,0.0,2.0,EmOHuC/o0o,com.sec.android.app.shealth,0.0,4f9981c1-c54b-45e5-a058-b14dfe30817d,1a91b805-708b-498d-b2ff-c63aea8cf650,0.0,
0.0,2024-11-27 06:55:14.483,2024-11-27 06:55:14.483,0.0,0.0,1.0,EmOHuC/o0o,com.sec.android.app.shealth,0.0,5f501437-5a74-4fef-b7d0-2316f2416a38,c15e6f81-b620-4c58-ae4c-2481ca04dd00,0.0,
0.0,2024-11-27 06:41:38.280,2024-11-27 06:41:38.280,0.0,1.0,0.0,EmOHuC/o0o,com.sec.android.app.shealth,0.0,7d87990e-5eb7-4f3f-8ee0-01e0b8adb47a,8232951b-c396-4ceb-b959-4fb523bc6155,0.0,
0.0,2024-11-27 10:39:11.213,2024-11-27 10:39:11.213,0.0,0.0,0.0,EmOHuC/o0o,com.sec.android.app.shealth,0.0,e39432b0-c6c4-4ff2-a92e-3c6343379330,db7e131a-635e-48be-b0e4-f783644dcf07,1.0,
0.0,2024-11-28 05:24:46.155,2024-11-28 05:24:46.155,0.0,1.0,0.0,EmOHuC/o0o,com.sec.android.app.shealth,0.0,8b2780e1-9c0e-47bd-8a6d-5b49a6e53c4a,afbbb8c3-50d6-4790-92c6-2e40da42bed3,0.0,
0.0,2024-11-28 05:24:46.171,2024-11-28 05:24:46.171,0.0,1.0,0.0,EmOHuC/o0o,com.sec.android.app.shealth,0.0,6ff533a3-b991-40a0-9d57-0da74b2a083d,eaf2f55a-ff90-428a-b512-08500fb1ceb6,0.0,
0.0,2024-11-28 05:24:46.188,2024-11-28 05:24:46.188,0.0,1.0,0.0,EmOHuC/o0o,com.sec.android.app.shealth,0.0,50adfe00-d86a-4f7e-9627-2b189432dcf6,7a8a308e-6690-4b7c-aa0e-e18b7ce6d3db,0.0,
0.0,2024-11-28 07:58:17.174,2024-11-28 07:58:17.174,0.0,0.0,1.0,EmOHuC/o0o,com.sec.android.app.shealth,0.0,d1a253fe-4266-4d9e-9e6a-7277c2d9bccc,db8b8b25-0d42-4bfb-8736-38e9307ddf2c,0.0,
0.0,2024-11-28 15:03:09.234,2024-11-28 15:03:09.234,0.0,1.0,0.0,EmOHuC/o0o,com.sec.android.app.shealth,0.0,99636941-31f1-4358-bea7-41aa6f1d3475,ba343c3c-e466-4d52-ac43-17d4456c7335,0.0,
0.0,2024-11-28 14:58:38.925,2024-11-28 14:58:38.925,0.0,0.0,1.0,EmOHuC/o0o,com.sec.android.app.shealth,0.0,7cf959a3-9669-44c1-995a-68e201ff6322,f5ba1a4a-9ef7-4429-b625-962889997cd9,0.0,
0.0,2024-11-28 15:03:09.257,2024-11-28 15:03:09.257,0.0,1.0,0.0,EmOHuC/o0o,com.sec.android.app.shealth,0.0,4a3eb8d9-536b-404a-ace6-53de15e95ef2,ca14219d-c699-46d5-895b-804299818245,0.0,
0.0,2024-11-29 14:13:24.828,2024-08-13 09:24:26.295,0.0,1.0,1.0,EmOHuC/o0o,com.sec.android.app.shealth,0.0,ffb113d8-ebd8-4749-ba87-41e52dcbed53,b9e8844e-f554-45a1-985e-6f2b7c3c5c13,2.0,
0.0,2024-11-29 17:49:07.785,2024-11-29 17:49:07.785,0.0,1.0,0.0,EmOHuC/o0o,com.sec.android.app.shealth,0.0,d4f44c14-2a9d-43c8-8087-d2e2db4a0a77,599734f1-e8ad-4e60-bb8d-873fa2bb661c,0.0,
0.0,2024-11-30 10:03:22.824,2024-11-30 10:03:22.824,0.0,0.0,1.0,EmOHuC/o0o,com.sec.android.app.shealth,0.0,c0fd7abc-ccfc-4802-9abd-b2c928f7b640,c0b3ab54-1862-4db1-b57c-ff2611a480bf,0.0,
0.0,2024-11-30 13:31:21.357,2024-11-30 13:31:21.357,0.0,1.0,0.0,EmOHuC/o0o,com.sec.android.app.shealth,0.0,fe105144-7902-4d16-bd30-026603c0d9e7,8fd1a8d0-e89d-42e4-b06a-b48052e6c213,0.0,
1.0,2024-11-30 13:24:58.154,2024-11-30 13:24:58.154,0.0,0.0,0.0,EmOHuC/o0o,com.sec.android.app.shealth,0.0,eef85b97-3d47-436a-9ef8-d33823371eb3,d6b2a7b4-88dc-4031-b0de-55b36c11e7b5,0.0,
0.0,2024-11-30 14:52:30.594,2024-11-30 14:52:30.594,0.0,1.0,0.0,EmOHuC/o0o,com.sec.android.app.shealth,0.0,c877467e-8809-465d-92ad-badd3dbf5e1a,93e4f586-a33b-4791-9018-2adcad5c1350,0.0,
0.0,2024-11-30 14:52:30.612,2024-11-30 14:52:30.612,0.0,1.0,0.0,EmOHuC/o0o,com.sec.android.app.shealth,0.0,6ed05466-49d9-4819-8224-1a789653cd09,de6ac831-1674-4fbf-98b4-3a10bd9362a3,0.0,
0.0,2024-11-30 14:52:30.621,2024-11-30 14:52:30.621,0.0,1.0,0.0,EmOHuC/o0o,com.sec.android.app.shealth,0.0,895df5ec-7f5c-422f-b94f-2ea8658f714d,eb10a5bf-54f1-4390-9461-c242c3d1463d,0.0,
0.0,2024-12-01 11:10:29.314,2024-12-01 11:10:29.314,0.0,0.0,0.0,EmOHuC/o0o,com.sec.android.app.shealth,0.0,85aeb6be-ec08-4f8f-b9c6-2d5a7b3fcf94,ce396872-8539-4898-9f5a-421758af82fc,1.0,
2.0,2024-12-01 12:12:50.504,2024-11-13 16:22:27.715,0.0,0.0,0.0,EmOHuC/o0o,com.sec.android.app.shealth,0.0,aca5c30c-ec43-4b86-8f2d-4a1cb6693839,5f68b459-02b8-4d44-9028-7c11debd8dcd,1.0,
0.0,2024-12-01 15:52:47.764,2024-12-01 15:52:47.764,0.0,1.0,0.0,EmOHuC/o0o,com.sec.android.app.shealth,0.0,8e79d977-608e-49c2-8b8c-1a47e85fba4d,a5a710cd-4141-43dd-ad20-277fdd1d268b,0.0,
0.0,2024-12-01 15:52:47.777,2024-11-26 05:38:22.127,0.0,2.0,0.0,EmOHuC/o0o,com.sec.android.app.shealth,0.0,a4b6827e-e313-474f-95e7-5804e9e11ac2,bbcdb52f-4072-4ce5-91cd-75a6c679de1a,0.0,
0.0,2024-12-01 15:52:47.790,2024-08-23 05:38:36.733,0.0,1.0,0.0,EmOHuC/o0o,com.sec.android.app.shealth,0.0,f3880ad0-50f2-4093-8407-de2622afe41b,43d0f339-22f1-4a2d-bac9-482ecd2d812b,1.0,
0.0,2024-12-02 16:45:33.563,2024-12-02 16:45:33.563,0.0,0.0,1.0,EmOHuC/o0o,com.sec.android.app.shealth,0.0,d5515928-79ea-4a6d-9670-794690905383,3ca12f4a-7b5a-4dd2-84e5-9e0f81cec635,0.0,
0.0,2024-12-02 16:48:09.409,2024-12-02 16:48:09.409,0.0,1.0,0.0,EmOHuC/o0o,com.sec.android.app.shealth,0.0,4c6f690f-6571-4c7d-bfbd-e9d46882ac1d,13047dde-9247-495d-85a2-a56917f5362e,0.0,
0.0,2024-12-02 16:48:09.417,2024-12-02 16:48:09.417,0.0,1.0,0.0,EmOHuC/o0o,com.sec.android.app.shealth,0.0,79c6792b-c565-42a1-baa4-793ee3568130,6d4e6605-b863-480f-abbd-922755231d9a,0.0,
0.0,2024-12-02 16:48:09.424,2024-12-02 16:48:09.424,0.0,1.0,0.0,EmOHuC/o0o,com.sec.android.app.shealth,0.0,ea59273e-321e-4468-81cd-de5789fd0805,4d6b0397-53ac-4ccf-8844-2d4478b48888,0.0,
0.0,2024-12-02 16:48:09.433,2024-12-02 16:48:09.433,0.0,1.0,0.0,EmOHuC/o0o,com.sec.android.app.shealth,0.0,5a9ff17d-8b59-4101-8146-14146800308f,3297d17b-6d64-4957-bcc0-fd2f42023fe2,0.0,
0.0,2024-12-02 16:48:09.443,2024-12-02 16:48:09.443,0.0,1.0,0.0,EmOHuC/o0o,com.sec.android.app.shealth,0.0,8b96c5bc-571d-4a51-9926-9595562f9dbd,d6c5797e-bb60-42e8-9d6d-2ee96eed24a7,0.0,
0.0,2024-12-03 03:45:13.358,2024-08-23 05:38:36.726,0.0,0.0,1.0,EmOHuC/o0o,com.sec.android.app.shealth,0.0,6bf8bfb4-30bf-4f0a-9f19-4eff1f7ac91f,e96ad0b3-786b-4187-b154-24a797030eac,1.0,
0.0,2025-03-06 10:42:58.158,2024-12-03 07:08:39.592,0.0,0.0,2.0,3QItrwNcp5,com.sec.android.app.shealth,0.0,8ae4f4bc-fb63-4257-9ddb-135e9833e28f,50eac6c1-34bf-476b-b952-23e1d5060d5f,0.0,
0.0,2024-12-03 07:08:39.612,2024-12-03 07:08:39.612,0.0,0.0,1.0,EmOHuC/o0o,com.sec.android.app.shealth,0.0,36604ec3-3748-4ba4-b382-ae5080599cd7,f2152b2b-7e7c-4e45-b252-50106bf6f697,0.0,
0.0,2024-12-03 15:57:15.620,2024-12-03 15:57:15.620,0.0,0.0,0.0,EmOHuC/o0o,com.sec.android.app.shealth,0.0,6b908198-40c9-47b3-bf0b-038c3030634c,94c8ac56-7d16-4f6a-b321-4e60cb8979e9,1.0,
0.0,2024-12-04 09:50:39.231,2024-12-04 09:50:39.231,0.0,1.0,0.0,EmOHuC/o0o,com.sec.android.app.shealth,0.0,ec49be20-3768-415d-9930-ab35db08faf2,8a80d53a-c2b6-438a-bdef-4cf1c7ad931f,0.0,
0.0,2024-12-04 09:54:20.870,2024-12-04 09:54:20.870,0.0,0.0,1.0,EmOHuC/o0o,com.sec.android.app.shealth,0.0,80105bf8-3cf5-496d-bde2-954ceecb8754,74534524-72bf-4c8d-9b02-c80c64d1c3ad,0.0,
0.0,2024-12-04 15:32:22.960,2024-12-04 15:32:22.960,0.0,1.0,0.0,EmOHuC/o0o,com.sec.android.app.shealth,0.0,689e2b00-f877-4ddf-84e2-0b4152ac7a40,59ae8a1c-14e9-4392-85d1-c8fa7c6209e2,0.0,
0.0,2024-12-04 09:50:39.207,2024-12-04 09:50:39.207,0.0,1.0,0.0,EmOHuC/o0o,com.sec.android.app.shealth,0.0,155b2c52-21b7-448c-bbbc-2dcc031542c4,6d963793-e6cd-4459-bc27-1cbe484e6219,0.0,
0.0,2024-12-04 12:50:17.643,2024-11-30 10:03:22.833,0.0,0.0,1.0,EmOHuC/o0o,com.sec.android.app.shealth,1.0,f0a04cba-1b9d-4c46-ae94-02c5f7885d43,e451a5ad-e9a9-49af-98e4-e6a58fae0fc8,0.0,
1.0,2024-12-05 12:24:29.454,2024-12-05 12:24:29.454,0.0,0.0,0.0,EmOHuC/o0o,com.sec.android.app.shealth,0.0,ffee5890-c5c4-436a-8215-41aafa334f61,ebb6de44-ed49-4a77-a861-ee4aa6f7d33b,0.0,
0.0,2024-12-10 09:30:30.285,2024-08-14 03:51:26.491,9.0,0.0,10.0,EmOHuC/o0o,com.sec.android.app.shealth,2.0,9980efdd-38f7-41ad-a849-3b68e5bab352,646c5128-29b8-4647-b218-a139edc37625,1.0,
0.0,2024-12-10 09:30:30.301,2024-08-12 07:51:08.846,10.0,0.0,10.0,EmOHuC/o0o,com.sec.android.app.shealth,2.0,fed83efe-1c2d-4b4a-b746-567f002c4927,b5987e92-a30f-4532-a6f7-77e9719ab20f,1.0,
0.0,2024-12-10 09:31:00.608,2024-12-10 09:31:00.608,1.0,0.0,0.0,EmOHuC/o0o,com.sec.android.app.shealth,0.0,24f6e0f1-3dbc-402c-9a54-60cdbbcd87c6,3b43242c-e3a2-4268-976c-6565d31fd36d,0.0,
0.0,2024-12-12 08:17:39.969,2024-08-12 07:01:36.190,0.0,0.0,8.0,EmOHuC/o0o,com.sec.android.app.shealth,0.0,76586e36-7b3f-45a5-9960-1585c621f727,617be537-5778-46fd-a1a1-b769e3bd0dc9,0.0,
0.0,2024-12-12 16:44:53.448,2024-08-20 20:17:45.794,0.0,2.0,0.0,EmOHuC/o0o,com.sec.android.app.shealth,0.0,8c35e74e-2756-4a2e-8021-efa9153c5828,899ee94c-384e-461d-8130-05f3debfed8a,0.0,
0.0,2024-12-12 16:43:59.757,2024-12-12 16:43:59.757,0.0,0.0,0.0,EmOHuC/o0o,com.sec.android.app.shealth,0.0,d4c0d4e1-b1e5-4124-947c-4b62d48ef62c,678cee14-9669-41c7-b625-cce8f60c04be,1.0,
1.0,2024-12-12 16:45:40.200,2024-08-21 17:45:47.715,0.0,0.0,0.0,EmOHuC/o0o,com.sec.android.app.shealth,2.0,562df3ca-5e57-4cd2-b9f6-6ed344f52273,86f42ab4-3145-408d-a176-78da19531090,0.0,
1.0,2024-12-12 16:45:40.206,2024-12-12 16:45:40.206,0.0,0.0,0.0,EmOHuC/o0o,com.sec.android.app.shealth,0.0,4bfb0f87-0a3e-4103-a62e-360d44c1a791,b045fec6-336c-4ce1-8b2c-f33eead4ab79,0.0,
2.0,2024-12-12 16:46:22.343,2024-08-06 16:35:24.902,1.0,0.0,5.0,EmOHuC/o0o,com.sec.android.app.shealth,4.0,024529a5-1c13-4551-b642-1f89e9a77aa2,5bb35ff7-adb9-4e54-860f-98c54949d7f2,0.0,
1.0,2024-12-13 15:28:35.445,2024-12-13 15:28:35.445,0.0,0.0,0.0,EmOHuC/o0o,com.sec.android.app.shealth,0.0,aea664f8-39f8-4074-b370-4bc3e92a6ab3,8e95fee5-c356-4c80-bfa7-d6ce2a5cd1ea,0.0,
2.0,2024-12-13 15:28:35.460,2024-11-16 03:59:20.053,0.0,0.0,1.0,EmOHuC/o0o,com.sec.android.app.shealth,0.0,73861868-c863-42f7-8999-c7dbb94a4409,37cad0d3-4009-4db8-91f6-44b64c9c08c8,0.0,
0.0,2024-12-15 13:18:55.972,2024-12-15 13:18:55.972,0.0,1.0,0.0,EmOHuC/o0o,com.sec.android.app.shealth,0.0,09a9eb16-987b-4217-8385-76d3f571e402,6ade28dd-87eb-4d88-be70-524350891ccd,0.0,
0.0,2024-12-15 13:23:38.262,2024-12-15 13:23:38.262,0.0,1.0,0.0,EmOHuC/o0o,com.sec.android.app.shealth,0.0,eb09c340-acac-4066-9ade-17b8e28fbbff,c9ad74e3-fb6d-4a64-98c5-fafa532beeed,0.0,
0.0,2024-12-15 13:23:38.271,2024-12-15 13:23:38.271,0.0,1.0,0.0,EmOHuC/o0o,com.sec.android.app.shealth,0.0,d23af467-5450-4939-93ec-38cb4b8d9581,9811523f-8071-4089-a5fd-5c9e89864d62,0.0,
0.0,2024-12-15 13:23:38.282,2024-08-14 16:43:30.847,0.0,3.0,0.0,EmOHuC/o0o,com.sec.android.app.shealth,0.0,dbb07d7e-3682-495a-a89b-aef4e07ec6d4,2348032f-e8d8-4260-b046-51a2ecc7fd0f,0.0,
0.0,2024-12-16 16:58:13.543,2024-12-16 16:58:13.543,0.0,1.0,0.0,EmOHuC/o0o,com.sec.android.app.shealth,0.0,650795eb-524d-47c1-9c67-b35ac25fe232,ee62737a-0490-4064-a53f-957f9b534798,0.0,
0.0,2024-12-17 06:28:16.951,2024-12-17 06:28:16.951,0.0,1.0,0.0,EmOHuC/o0o,com.sec.android.app.shealth,0.0,fcc0e8a4-6a61-4b65-bd20-9dba3f805aa0,605feb9b-e8a7-41bb-aca9-2fa46834011d,0.0,
0.0,2024-12-17 06:32:07.253,2024-12-17 06:32:07.253,0.0,0.0,0.0,EmOHuC/o0o,com.sec.android.app.shealth,1.0,b6c1deda-3aa9-4330-9490-3052643ffb6b,7e91c363-6162-4cfe-af71-7132e602044a,0.0,
0.0,2024-12-17 06:34:41.753,2024-08-08 07:56:53.078,0.0,4.0,0.0,EmOHuC/o0o,com.sec.android.app.shealth,0.0,8a8cf74c-fad9-43a6-991f-d0a411940ce9,33570d66-a902-45ce-b0f7-80178a7b0650,2.0,
0.0,2024-12-17 06:26:38.431,2024-12-17 06:26:38.431,0.0,0.0,0.0,EmOHuC/o0o,com.sec.android.app.shealth,0.0,d20b1336-d57e-4199-b546-41002f7a8dc5,30ddc58a-d803-406b-824d-538d3a0e513a,1.0,
0.0,2024-12-17 14:28:02.493,2024-12-15 12:15:45.788,0.0,1.0,0.0,EmOHuC/o0o,com.sec.android.app.shealth,0.0,50994783-a3f2-4236-9611-18df6567c89d,94677626-6a2a-4b3e-8938-ad06a9c50397,1.0,
0.0,2024-12-18 13:14:00.468,2024-11-20 13:38:05.704,0.0,0.0,0.0,EmOHuC/o0o,com.sec.android.app.shealth,0.0,1ffbd8c0-3c03-43b1-b355-26b7655ae79e,270fbb0f-2cd0-4e02-85a1-81b2d6b525d3,3.0,
0.0,2024-12-18 13:12:22.141,2024-11-12 05:52:33.948,5.0,0.0,12.0,EmOHuC/o0o,com.sec.android.app.shealth,0.0,7555bff4-a5bb-4cf4-9c56-f1cf1cb40d34,d49e8cf5-315d-40db-912c-2378acefae54,0.0,
0.0,2024-12-18 13:14:00.446,2024-08-13 06:35:39.564,0.0,3.0,1.0,EmOHuC/o0o,com.sec.android.app.shealth,0.0,219101dc-648a-428b-9213-7240e0e7036a,fa8ea3b9-e868-4606-bd8d-2a8beb0decac,1.0,
0.0,2024-12-18 19:04:07.491,2024-12-18 19:04:07.491,0.0,1.0,0.0,EmOHuC/o0o,com.sec.android.app.shealth,0.0,4ba430b1-6ad2-4efe-ae51-67c6e7298e14,8fd857a6-4655-45bd-8304-f167b4bbfc2a,0.0,
0.0,2024-12-19 12:32:10.411,2024-12-19 12:32:10.411,0.0,0.0,0.0,EmOHuC/o0o,com.sec.android.app.shealth,0.0,065d3e68-1c01-46e5-91f2-163718ce066a,04af21aa-551b-47aa-abf5-02463fb27a0d,1.0,
0.0,2024-12-19 12:32:10.427,2024-12-19 12:32:10.427,0.0,0.0,0.0,EmOHuC/o0o,com.sec.android.app.shealth,0.0,333d0cff-246e-4bb3-856c-683ddc40155b,0cef4b49-e7f7-4eab-a49a-df5fb48433d4,1.0,
1.0,2024-12-19 12:39:18.970,2024-12-19 12:39:18.970,0.0,0.0,0.0,EmOHuC/o0o,com.sec.android.app.shealth,0.0,2c484db0-870b-40a7-801e-50cf5339cd26,52f3a96e-06a0-46b5-ba9c-2ce951d7337c,0.0,
1.0,2024-12-19 12:39:18.943,2024-12-19 12:39:18.943,0.0,0.0,0.0,EmOHuC/o0o,com.sec.android.app.shealth,0.0,b0242b3d-2dbd-4b4d-9d55-3681985a6d39,0cf33f51-4add-45d4-9ca7-119833c57195,0.0,
0.0,2024-12-20 11:23:00.058,2024-12-20 11:23:00.058,0.0,0.0,0.0,EmOHuC/o0o,com.sec.android.app.shealth,0.0,f1350b75-7f6b-4716-bfdb-88d234aa3bb5,e47f1bb2-fbc7-41c2-bf77-56a7999fc2df,1.0,
0.0,2025-03-05 14:28:15.865,2024-08-20 20:15:12.929,0.0,0.0,2.0,3QItrwNcp5,com.sec.android.app.shealth,0.0,e1de063c-f357-4d7b-8d79-df0bface60cd,4a3e88b4-2992-4998-a9b4-830513348a52,5.0,
0.0,2025-03-04 13:45:59.974,2024-11-21 14:37:06.022,0.0,4.0,0.0,3QItrwNcp5,com.sec.android.app.shealth,0.0,7a8a3e5e-8718-457b-b73b-3747d66904c6,5577fc25-5b3a-4f65-a08f-7e345abc164b,1.0,
0.0,2025-03-06 10:42:58.154,2024-08-07 05:11:34.504,2.0,2.0,11.0,3QItrwNcp5,com.sec.android.app.shealth,0.0,d516399e-0cfe-473e-957b-050463b6b910,18897b5c-c9e3-484c-9ed7-3a75894dfd15,0.0,
0.0,2024-12-25 13:16:17.573,2024-12-12 18:53:27.959,0.0,1.0,1.0,EmOHuC/o0o,com.sec.android.app.shealth,0.0,418b6952-bd6a-4a37-b2ab-5598d8911166,ed8a8c2e-12de-4e8b-9643-07349ab8e8b7,0.0,
0.0,2024-12-25 13:16:17.584,2024-12-24 16:47:40.686,0.0,1.0,1.0,EmOHuC/o0o,com.sec.android.app.shealth,0.0,2a6fefc2-f83a-40f5-a251-ec45d9084467,12bedf8c-f23e-4300-883c-6f864b035a67,0.0,
0.0,2024-12-26 14:24:58.739,2024-12-26 14:24:58.739,0.0,1.0,0.0,EmOHuC/o0o,com.sec.android.app.shealth,0.0,96efe647-a681-4f4f-beb2-452ddb2c517a,eaa98ddc-ba12-4d25-a2b1-53d040c426a4,0.0,
0.0,2024-12-30 15:57:24.996,2024-12-30 15:57:24.996,0.0,0.0,1.0,EmOHuC/o0o,com.sec.android.app.shealth,0.0,da33d86e-b63b-4629-b094-af9ef6753357,2026b0dd-c0c5-4b63-8401-34f558a9a702,0.0,
0.0,2024-12-30 15:57:24.986,2024-08-12 07:01:36.179,0.0,0.0,6.0,EmOHuC/o0o,com.sec.android.app.shealth,1.0,f7f3ce2c-4f32-4452-a72e-804ce25869e2,277165f1-509d-41fb-9632-54d0ba27d9de,0.0,
2.0,2025-02-07 14:42:53.561,2024-08-06 16:34:12.211,0.0,0.0,1.0,3QItrwNcp5,com.sec.android.app.shealth,0.0,da4e5fe1-8fbe-4d00-ba1b-cf0f7fa6ad9d,0d03d04b-88e5-4e8e-b63f-e3e98887afbe,0.0,
2.0,2025-01-20 15:32:16.273,2024-08-05 18:00:08.150,11.0,0.0,1.0,EmOHuC/o0o,com.sec.android.app.shealth,0.0,794964e5-8798-449d-90ad-86640cba1bcf,824d9232-743e-4e68-a44a-9a556eb815eb,0.0,
0.0,2025-03-04 11:27:31.851,2025-01-20 15:34:06.945,0.0,0.0,0.0,3QItrwNcp5,com.sec.android.app.shealth,0.0,f1d75d9a-fb7a-4157-97f7-d4c2d153fc7c,c77c2aff-1fa0-4b2d-b44c-7ed2ee5e3630,2.0,
0.0,2025-01-20 15:32:16.265,2024-08-13 06:52:34.243,0.0,0.0,6.0,EmOHuC/o0o,com.sec.android.app.shealth,0.0,9f7b95c2-cca6-4a61-82ed-714b8cca73fe,cb5ed05c-617e-46d9-b788-e02bc3b9f712,0.0,
0.0,2025-03-06 16:00:15.764,2024-11-16 04:02:04.599,0.0,2.0,0.0,3QItrwNcp5,com.sec.android.app.shealth,0.0,bad68502-6749-4cbf-813e-9668f7996619,9c2fc978-74df-4162-8c80-d239a391fac1,1.0,
0.0,2025-01-25 12:20:15.146,2024-08-23 05:34:31.067,0.0,1.0,6.0,EmOHuC/o0o,com.sec.android.app.shealth,0.0,445a5f82-f1a6-4d88-8a3e-ce89ece33d9b,53abb0bf-7f7c-4cf2-a06b-cbc7dde8fc76,0.0,
1.0,2025-03-03 15:28:31.848,2024-08-05 17:54:23.138,0.0,0.0,14.0,3QItrwNcp5,com.sec.android.app.shealth,0.0,c57ade29-036f-427a-bc18-0cb0fddc0291,0d233a25-2001-40b5-b073-ff4978704342,0.0,
0.0,2025-01-25 12:20:15.165,2024-08-06 09:38:26.640,0.0,0.0,1.0,EmOHuC/o0o,com.sec.android.app.shealth,0.0,c285e16b-57a3-4374-b4ba-f5a1580b87d7,d4f4d7b1-acc5-482c-88d1-2ad33a7fc622,3.0,
0.0,2025-01-25 12:20:15.201,2024-11-28 15:03:09.223,0.0,1.0,1.0,EmOHuC/o0o,com.sec.android.app.shealth,0.0,584ee232-48ac-4e64-b788-8821252e1b45,6870bb1a-b20b-47e3-b9a9-15ef9200355b,0.0,
4.0,2025-01-25 12:21:01.203,2024-08-13 06:36:11.964,2.0,0.0,7.0,EmOHuC/o0o,com.sec.android.app.shealth,0.0,1fd98769-f668-49c9-9cb3-1065801a6693,08cb9d20-6fe0-4ee0-b3d9-0e4198069843,0.0,
0.0,2025-01-25 12:21:01.216,2024-08-05 17:54:23.151,1.0,0.0,9.0,EmOHuC/o0o,com.sec.android.app.shealth,0.0,b866e6eb-4d79-4694-87ab-a31090a79ce2,fbeac5f4-38d2-47da-8663-a1fb69d814dd,0.0,
0.0,2025-01-25 12:23:22.911,2025-01-25 12:23:22.911,0.0,0.0,0.0,EmOHuC/o0o,com.sec.android.app.shealth,1.0,beb8ab6d-a9cb-474d-9e3f-65cfdd1d6b21,992fc742-c82a-4046-8b53-6afaaa6885ca,0.0,
2.0,2025-03-07 16:38:07.925,2024-08-13 06:45:40.778,1.0,0.0,5.0,3QItrwNcp5,com.sec.android.app.shealth,1.0,e088f8e0-baa2-4ff6-9795-90fefee66499,3433bda6-c511-4202-8638-b3e63be8f017,0.0,
0.0,2025-01-26 06:19:58.275,2025-01-26 06:19:58.275,0.0,1.0,0.0,EmOHuC/o0o,com.sec.android.app.shealth,0.0,9fc201d9-e63c-4e66-a7a0-b814e46ebef9,09e37554-f638-45b9-9b6b-bae5638020bf,0.0,
0.0,2025-01-26 06:19:58.298,2024-11-17 14:42:32.448,0.0,2.0,1.0,EmOHuC/o0o,com.sec.android.app.shealth,0.0,624871e8-6329-4910-ab4f-f81a6c1f4baa,a40e2768-2288-4faa-a71f-dfd1f84cb0f6,0.0,
0.0,2025-03-07 16:38:47.687,2024-08-08 07:56:53.063,0.0,3.0,0.0,3QItrwNcp5,com.sec.android.app.shealth,0.0,cf3c0a7a-bddd-4b2c-b03e-135eb3a9e09d,a79799dc-b1cc-4db2-8444-2bce0c8f46c5,3.0,
0.0,2025-01-26 06:24:52.052,2024-11-28 17:07:33.191,0.0,1.0,1.0,EmOHuC/o0o,com.sec.android.app.shealth,0.0,49c8c3d9-6ec9-48c0-99e9-7f5c58c37f2a,8d90c1d5-cb00-4a88-8ed0-521bdf2d809d,0.0,
2.0,2025-02-19 15:01:06.108,2024-11-12 16:32:53.061,0.0,1.0,1.0,3QItrwNcp5,com.sec.android.app.shealth,0.0,1107668c-869b-470c-a064-9b215170f88b,a028690d-8a6e-47fd-98f4-5fc8632949bd,0.0,
0.0,2025-01-26 06:26:02.547,2025-01-26 06:26:02.547,0.0,0.0,1.0,EmOHuC/o0o,com.sec.android.app.shealth,0.0,83a8f8f3-bbfe-45fd-ab63-9f695ee2e138,6307ff8d-320f-4412-aa25-dc9d65b42286,0.0,
1.0,2025-03-04 05:03:35.865,2025-01-24 14:33:43.576,0.0,0.0,2.0,3QItrwNcp5,com.sec.android.app.shealth,2.0,421223d7-b1c8-4263-87b3-19415a1ec815,eeb64178-4f3e-4974-8633-74efead62e8c,0.0,
0.0,2025-01-27 17:03:41.389,2025-01-27 17:03:41.389,0.0,0.0,0.0,EmOHuC/o0o,com.sec.android.app.shealth,0.0,4095506d-8196-455c-a78e-cc47f78c173b,d27e55d2-eae3-4083-88cc-61924d2f1853,1.0,
3.0,2025-03-07 16:38:07.929,2024-08-06 03:48:16.901,0.0,1.0,11.0,3QItrwNcp5,com.sec.android.app.shealth,2.0,33e0beae-2e44-4d8d-86f1-965a7b6cb875,1eca1fc4-89d9-42e9-8df5-a1e27afd7c3d,2.0,
1.0,2025-01-27 17:04:17.206,2024-11-30 10:11:42.726,0.0,1.0,0.0,EmOHuC/o0o,com.sec.android.app.shealth,0.0,53292a91-b532-4d7a-a748-7c265d2cf87c,2d69fec5-30a9-4c39-ada9-0f0b0217e09e,4.0,
0.0,2025-01-28 18:12:55.527,2025-01-26 06:24:52.024,0.0,0.0,2.0,EmOHuC/o0o,com.sec.android.app.shealth,0.0,5ffa17c4-41d8-4aae-aaec-999464980612,5c0ec010-33df-4501-beef-054081f24ea8,1.0,
0.0,2025-01-29 16:14:01.746,2025-01-29 16:14:01.746,0.0,0.0,1.0,EmOHuC/o0o,com.sec.android.app.shealth,0.0,05701d17-20be-4d83-8e8b-f7554425821a,d63e50a8-852c-4225-aeba-23d046d9beb8,0.0,
0.0,2025-01-29 16:15:47.821,2024-08-07 17:32:23.200,0.0,4.0,6.0,EmOHuC/o0o,com.sec.android.app.shealth,0.0,3aa42989-91ee-42df-98ae-eaa621c7e690,a8a85c60-33ae-468f-b246-17e3aa28c1c9,6.0,
0.0,2025-01-29 16:15:47.836,2024-08-07 17:24:28.175,0.0,0.0,1.0,EmOHuC/o0o,com.sec.android.app.shealth,0.0,36661380-b2da-4cd0-b5be-e3d1bdc9c114,5f659cb0-9d34-4233-8aad-fe054793b06d,11.0,
1.0,2025-01-29 16:47:43.623,2024-11-17 14:44:04.826,0.0,6.0,1.0,EmOHuC/o0o,com.sec.android.app.shealth,0.0,49958e9b-8105-4c3d-bd61-4c018ef252ff,b5128b93-6881-42ff-b4fc-256a4882a525,0.0,
1.0,2025-01-29 16:47:43.646,2024-11-28 17:53:12.309,0.0,5.0,0.0,EmOHuC/o0o,com.sec.android.app.shealth,0.0,4cb8bdfc-b5dc-4a76-a3cf-1716c994598e,c54c565f-6bfb-4cdf-8265-9ff182f212a7,0.0,
2.0,2025-02-19 12:41:19.990,2024-08-05 17:59:29.615,1.0,31.0,7.0,3QItrwNcp5,com.sec.android.app.shealth,0.0,62da1c9c-08cb-4994-aa79-3f9ffc248d87,e8733fec-8c8b-4a2f-9575-a9423da8d810,1.0,
4.0,2025-02-19 15:01:06.105,2024-08-05 18:05:00.830,0.0,33.0,7.0,3QItrwNcp5,com.sec.android.app.shealth,0.0,65accfaa-33b9-442b-9179-4595a2e44dd7,bb5d3455-94d7-42f4-b0d3-a0d139a8f7fe,1.0,
0.0,2025-01-30 19:05:55.269,2024-11-17 14:42:32.455,0.0,6.0,1.0,QXcEZDPJKk,com.sec.android.app.shealth,0.0,d644ea57-af9f-43ce-9769-1f2b5c02916b,d8d38766-98f4-4b20-9dd0-ebaf6a93cc92,0.0,
0.0,2025-03-10 19:08:46.283,2023-06-20 17:43:03.025,0.0,1.0,2.0,3QItrwNcp5,com.sec.android.app.shealth,0.0,b3f1d917-76c2-4654-9691-cc32a771da40,5a43fec6-fe4b-4e6d-ab47-66ecfc215ce9,37.0,
0.0,2025-03-05 17:27:08.346,2024-12-17 06:34:18.300,0.0,2.0,3.0,3QItrwNcp5,com.sec.android.app.shealth,0.0,1a792cea-a32f-4eb2-9731-7926ccb45176,22975331-7c69-4094-b3ca-aa19f83fdcf1,4.0,
0.0,2025-02-07 14:42:53.557,2024-08-06 03:48:16.889,0.0,3.0,18.0,3QItrwNcp5,com.sec.android.app.shealth,0.0,a757fef7-3461-4d7c-abfd-1e6ca3eafd4a,9a1d5c4a-e019-4f2f-8767-aa944edaff34,1.0,
0.0,2025-02-07 14:46:54.678,2025-02-07 14:46:54.678,0.0,0.0,0.0,3QItrwNcp5,com.sec.android.app.shealth,0.0,c1c9d2b4-ae4c-4497-8b15-8de57c1ca2f8,f84f3f28-d298-430d-b306-917edf8f2dd5,1.0,
0.0,2025-03-04 11:27:31.858,2025-02-17 15:09:31.249,0.0,0.0,0.0,3QItrwNcp5,com.sec.android.app.shealth,0.0,81743348-3c59-4124-be05-f9047bf3ef08,7d434a2d-51b1-4977-bca3-951a3f82b3fd,3.0,
0.0,2025-02-17 15:09:31.253,2025-02-17 15:09:31.253,0.0,0.0,0.0,3QItrwNcp5,com.sec.android.app.shealth,0.0,dda4ac78-54d9-4315-8e5a-ac6258187f1e,88d8ed10-2b28-4da2-9bc5-ad0d6f2a2a85,1.0,
1.0,2025-03-05 14:14:18.495,2025-02-17 15:10:31.580,0.0,1.0,0.0,3QItrwNcp5,com.sec.android.app.shealth,0.0,43145a9a-378b-469c-8951-a921230d3701,bc009005-fb32-4dce-b580-a17c3b952067,0.0,
0.0,2025-02-17 15:10:31.584,2025-02-17 15:10:31.584,0.0,1.0,0.0,3QItrwNcp5,com.sec.android.app.shealth,0.0,aa80fa5c-b282-4ea1-acfb-4bbf6c5a5cc3,8e8738b8-f08f-438e-b617-2316e2da70eb,0.0,
1.0,2025-03-10 19:07:22.797,2025-02-18 18:25:54.423,0.0,1.0,0.0,3QItrwNcp5,com.sec.android.app.shealth,0.0,135e5b97-059b-4d0b-a459-b151b0a0ab34,8773b5dd-3500-4216-acb8-390b39b6d0aa,0.0,
0.0,2025-02-19 12:41:19.994,2025-02-19 12:39:40.219,1.0,1.0,0.0,3QItrwNcp5,com.sec.android.app.shealth,0.0,c84f31e0-4782-41b9-a85d-f159343ea3fc,adea1106-fe33-4a3d-b972-1c259d588646,0.0,
1.0,2025-02-19 15:01:20.355,2025-02-19 15:01:20.355,0.0,0.0,0.0,3QItrwNcp5,com.sec.android.app.shealth,0.0,5285f91f-fd61-4a13-9dcc-bb2e8818f816,458f192c-fde6-4684-ad43-f08f4edc9666,0.0,
0.0,2025-03-07 16:36:53.199,2025-03-03 15:28:31.851,2.0,0.0,3.0,3QItrwNcp5,com.sec.android.app.shealth,0.0,2a6753bf-8eed-4b12-8a1d-c110d9f49dbc,f8455400-42fe-4011-b2eb-55858745034c,0.0,
0.0,2025-03-03 15:30:55.224,2025-03-03 15:30:55.224,0.0,0.0,0.0,3QItrwNcp5,com.sec.android.app.shealth,1.0,d3774d40-6265-4174-baad-14afabfd5d5a,81e39507-41fa-4f2c-8652-1ea4d5d2cb54,0.0,
0.0,2025-03-03 15:41:07.959,2025-03-03 15:41:07.959,0.0,1.0,0.0,3QItrwNcp5,com.sec.android.app.shealth,0.0,2a3c375e-c42e-4bc6-bbfb-220b3aece0e7,c614db6b-2ad7-4671-b51a-b6589f3e5114,0.0,
1.0,2025-03-10 19:07:22.792,2025-03-03 17:33:15.586,0.0,4.0,0.0,3QItrwNcp5,com.sec.android.app.shealth,0.0,14bb88ee-865b-4dd2-8572-6e824a0cd7f4,8610f802-98b3-4f3f-a54c-3e4a75623fdc,0.0,
0.0,2025-03-04 11:27:31.854,2025-03-04 11:27:31.854,0.0,0.0,0.0,3QItrwNcp5,com.sec.android.app.shealth,0.0,39152b34-f854-47ea-89ad-bc30dd0b6f9e,691b789b-886d-462e-8c49-320cf678d15c,1.0,
0.0,2025-03-04 11:27:31.861,2025-03-04 11:27:31.861,0.0,0.0,0.0,3QItrwNcp5,com.sec.android.app.shealth,0.0,4fc7dbf4-4c89-4a51-b060-59f27ef51147,d4bed8f8-34f1-4c61-8a00-3b23e29f0cf3,1.0,
1.0,2025-03-10 19:07:22.800,2025-03-04 13:45:02.070,0.0,2.0,0.0,3QItrwNcp5,com.sec.android.app.shealth,0.0,e4ad1216-73d9-4f54-a4d4-30ebe857b9a8,a8b06612-ed6e-41f8-be3b-70f4fafc5522,0.0,
0.0,2025-03-04 18:41:44.366,2025-03-04 18:41:44.366,0.0,1.0,0.0,3QItrwNcp5,com.sec.android.app.shealth,0.0,9bda815c-bfdc-4f7d-b107-ed312883e6aa,981128d7-2df9-4054-97af-b66daa1e8937,0.0,
0.0,2025-03-05 15:41:31.226,2025-03-05 15:41:31.226,0.0,0.0,0.0,3QItrwNcp5,com.sec.android.app.shealth,1.0,22735b96-c189-4ea8-848f-e92d238b2825,ee897a7e-df43-45a1-9658-5df334db65ac,0.0,
0.0,2025-03-05 15:41:31.233,2025-03-05 15:41:31.233,0.0,0.0,0.0,3QItrwNcp5,com.sec.android.app.shealth,1.0,8478d6f5-6076-4af4-8235-b19503343056,74282604-9020-4575-a597-0b10da31a933,0.0,
0.0,2025-03-06 10:52:01.311,2025-03-06 10:52:01.311,1.0,0.0,0.0,3QItrwNcp5,com.sec.android.app.shealth,0.0,e8675661-a573-4546-bc40-d6bde763a6ce,58e772c4-6cd6-4a89-9356-addf6c4d6d6d,0.0,
0.0,2025-03-06 10:55:15.911,2025-03-06 10:55:15.911,0.0,0.0,0.0,3QItrwNcp5,com.sec.android.app.shealth,0.0,3ae7d273-3fad-45ad-a713-27d13ec49c2e,c03fd571-4921-4d37-a81e-33f8bbccc976,1.0,
0.0,2025-03-06 14:14:42.769,2025-03-06 14:14:42.769,0.0,1.0,0.0,3QItrwNcp5,com.sec.android.app.shealth,0.0,b519854a-d27f-4417-907d-305e9d1177b1,aa903cae-cbe3-443c-a964-6cc293b3ded0,0.0,
1.0,2025-03-10 19:08:30.860,2025-03-10 19:08:30.860,0.0,0.0,0.0,3QItrwNcp5,com.sec.android.app.shealth,0.0,2ba59e4d-c99c-4144-9e44-e6041070ac61,3aa6fb79-2b15-4c01-bd24-179932961c24,0.0,
