com.samsung.health.respiratory_rate,6302031,2
create_sh_ver,start_time,custom,binning_data,modify_sh_ver,average,lower_limit,update_time,create_time,client_data_id,upper_limit,client_data_ver,is_outlier,pplib_version,time_offset,deviceuuid,comment,pkg_name,end_time,datauuid
62800471,2025-01-07 18:33:00.000,,703ce500-ef1e-45fa-a433-c0ce57810548.binning_data.json,62800471,13.609272,13.748363,2025-01-08 03:12:42.729,2025-01-08 03:12:42.729,,14.295976,,1,1.01.04,UTC+0530,tFCCLQvz7k,,com.sec.android.app.shealth,2025-01-08 03:07:00.000,703ce500-ef1e-45fa-a433-c0ce57810548,
62800471,2025-01-08 18:55:00.000,,0a2fb504-26d3-4ede-85ca-d165fab78f2c.binning_data.json,62800471,13.495266,13.715572,2025-01-09 03:08:37.528,2025-01-09 03:08:37.528,,14.295055,,1,1.01.04,UTC+0530,tFCCLQvz7k,,com.sec.android.app.shealth,2025-01-09 03:00:00.000,0a2fb504-26d3-4ede-85ca-d165fab78f2c,
62800471,2025-01-09 19:17:00.000,,c7e57348-bcfd-40f5-ab4d-211ff32b3aad.binning_data.json,62800471,14.752892,13.715572,2025-01-10 01:42:42.651,2025-01-10 01:42:42.651,,14.295055,,1,1.01.04,UTC+0530,tFCCLQvz7k,,com.sec.android.app.shealth,2025-01-10 01:22:00.000,c7e57348-bcfd-40f5-ab4d-211ff32b3aad,
62800471,2025-01-11 16:52:00.000,,076d05c6-bfe3-4220-9788-5686b295c70e.binning_data.json,62800471,13.269379,13.821071,2025-01-12 01:07:15.511,2025-01-12 01:07:15.511,,14.239432,,1,1.01.04,UTC+0530,tFCCLQvz7k,,com.sec.android.app.shealth,2025-01-12 01:02:00.000,076d05c6-bfe3-4220-9788-5686b295c70e,
62800471,2025-01-12 18:51:00.000,,fab5b90c-2e6b-4a9e-81a6-6165f99c9a77.binning_data.json,62800471,14.097186,13.801353,2025-01-13 01:49:34.423,2025-01-13 01:49:34.423,,14.160065,,0,1.01.04,UTC+0530,tFCCLQvz7k,,com.sec.android.app.shealth,2025-01-13 01:41:00.000,fab5b90c-2e6b-4a9e-81a6-6165f99c9a77,
62800471,2025-01-13 17:45:00.000,,a714fe4f-8389-42a9-9312-f5a62ead92d1.binning_data.json,62800471,14.12672,13.801353,2025-01-14 01:18:51.404,2025-01-14 01:18:51.404,,14.160065,,0,1.01.04,UTC+0530,tFCCLQvz7k,,com.sec.android.app.shealth,2025-01-14 01:07:00.000,a714fe4f-8389-42a9-9312-f5a62ead92d1,
62800471,2025-01-14 20:41:00.000,,7d1104c6-85a6-4d78-b680-46f445071ca2.binning_data.json,62800471,14.760132,13.737361,2025-01-15 04:12:51.408,2025-01-15 04:12:51.408,,14.153775,,1,1.01.04,UTC+0530,tFCCLQvz7k,,com.sec.android.app.shealth,2025-01-15 03:57:00.000,7d1104c6-85a6-4d78-b680-46f445071ca2,
62800471,2025-01-15 18:55:00.000,,6984db32-4733-4235-ba0e-3c05dae058f0.binning_data.json,62800471,14.67305,13.737361,2025-01-16 00:54:03.570,2025-01-16 00:54:03.570,,14.153775,,1,1.01.04,UTC+0530,tFCCLQvz7k,,com.sec.android.app.shealth,2025-01-16 00:54:00.000,6984db32-4733-4235-ba0e-3c05dae058f0,
62800471,2025-01-16 00:57:00.000,,8d9cc628-b912-48e2-b5d2-4fac221a285a.binning_data.json,62800471,13.239303,13.772884,2025-01-16 02:39:49.349,2025-01-16 02:39:49.349,,14.153381,,1,1.01.04,UTC+0530,tFCCLQvz7k,,com.sec.android.app.shealth,2025-01-16 02:39:00.000,8d9cc628-b912-48e2-b5d2-4fac221a285a,
62800471,2025-01-16 20:05:00.000,,d331d3f5-4ea0-418d-8c40-d0454a29a8c8.binning_data.json,62800471,15.065653,13.761151,2025-01-17 01:32:01.809,2025-01-17 01:32:01.809,,14.1837435,,1,1.01.04,UTC+0530,tFCCLQvz7k,,com.sec.android.app.shealth,2025-01-17 01:31:00.000,d331d3f5-4ea0-418d-8c40-d0454a29a8c8,
62800471,2025-01-17 01:42:00.000,,febaf3fa-5bde-4056-8d03-08da6271cfc8.binning_data.json,62800471,13.590117,13.761151,2025-01-17 03:47:23.343,2025-01-17 03:47:23.343,,14.1837435,,1,1.01.04,UTC+0530,tFCCLQvz7k,,com.sec.android.app.shealth,2025-01-17 03:21:00.000,febaf3fa-5bde-4056-8d03-08da6271cfc8,
62900571,2025-01-17 19:36:00.000,,bc0a2891-464b-4c93-b967-80e745298a3f.binning_data.json,62900571,14.0480995,13.706958,2025-01-18 02:18:10.462,2025-01-18 02:18:10.462,,14.009229,,1,1.01.04,UTC+0530,tFCCLQvz7k,,com.sec.android.app.shealth,2025-01-18 02:12:00.000,bc0a2891-464b-4c93-b967-80e745298a3f,
62900571,2025-01-18 21:07:00.000,,c3772dc5-63de-422c-9f92-d3755b9ce5ce.binning_data.json,62900571,13.318803,13.728508,2025-01-19 04:01:08.802,2025-01-19 04:01:08.802,,14.0842285,,1,1.01.04,UTC+0530,tFCCLQvz7k,,com.sec.android.app.shealth,2025-01-19 03:50:00.000,c3772dc5-63de-422c-9f92-d3755b9ce5ce,
62900571,2025-01-19 22:52:00.000,,6ef9aad6-01aa-43e1-a1b4-9f4c9a77e242.binning_data.json,62900571,13.620397,13.728508,2025-01-20 02:23:19.025,2025-01-20 02:23:19.025,,14.0842285,,1,1.01.04,UTC+0530,tFCCLQvz7k,,com.sec.android.app.shealth,2025-01-20 02:01:00.000,6ef9aad6-01aa-43e1-a1b4-9f4c9a77e242,
62900571,2025-01-20 19:47:00.000,,4b58d80a-cca9-41b1-a985-62170f8dda8a.binning_data.json,62900571,14.46218,13.728508,2025-01-21 01:58:22.916,2025-01-21 01:58:22.916,,14.0842285,,1,1.01.04,UTC+0530,tFCCLQvz7k,,com.sec.android.app.shealth,2025-01-21 01:31:00.000,4b58d80a-cca9-41b1-a985-62170f8dda8a,
62900571,2025-01-21 20:20:00.000,,5866654f-1293-4786-8c78-4fc629b9aa29.binning_data.json,62900571,14.324917,13.708484,2025-01-22 03:36:59.740,2025-01-22 03:36:59.740,,14.094569,,1,1.01.04,UTC+0530,tFCCLQvz7k,,com.sec.android.app.shealth,2025-01-22 03:36:00.000,5866654f-1293-4786-8c78-4fc629b9aa29,
62900571,2025-01-22 20:41:00.000,,ccc81df0-19f1-427d-9636-17a065afcf00.binning_data.json,62900571,14.567712,13.708484,2025-01-23 03:09:18.106,2025-01-23 03:09:18.106,,14.094569,,1,1.01.04,UTC+0530,tFCCLQvz7k,,com.sec.android.app.shealth,2025-01-23 03:04:00.000,ccc81df0-19f1-427d-9636-17a065afcf00,
62900571,2025-01-23 19:43:00.000,,edabcbca-00a2-4f3a-babf-04ce8ff1deac.binning_data.json,62900571,14.78515,13.708484,2025-01-23 22:27:27.941,2025-01-23 22:27:27.941,,14.094569,,1,1.01.04,UTC+0530,tFCCLQvz7k,,com.sec.android.app.shealth,2025-01-23 22:27:00.000,edabcbca-00a2-4f3a-babf-04ce8ff1deac,
62900571,2025-01-24 17:09:00.000,,39c1ca8c-7a1c-4e5e-880d-3af44415ee65.binning_data.json,62900571,14.090649,13.708484,2025-01-24 22:44:02.677,2025-01-24 22:44:02.677,,14.094569,,0,1.01.04,UTC+0530,tFCCLQvz7k,,com.sec.android.app.shealth,2025-01-24 22:38:00.000,39c1ca8c-7a1c-4e5e-880d-3af44415ee65,
62900571,2025-01-25 19:37:00.000,,26adc8a0-a869-4e85-a56e-0b42090abfaa.binning_data.json,62900571,13.645829,13.708484,2025-01-26 03:12:37.701,2025-01-26 03:12:37.701,,14.094569,,1,1.01.04,UTC+0530,tFCCLQvz7k,,com.sec.android.app.shealth,2025-01-26 02:48:00.000,26adc8a0-a869-4e85-a56e-0b42090abfaa,
62900571,2025-01-26 21:07:00.000,,090c5884-abbf-4b0e-a7af-2e235ad67a4c.binning_data.json,62900571,13.727751,13.752021,2025-01-27 04:04:07.417,2025-01-27 04:04:07.417,,14.142625,,1,1.01.04,UTC+0530,tFCCLQvz7k,,com.sec.android.app.shealth,2025-01-27 03:57:00.000,090c5884-abbf-4b0e-a7af-2e235ad67a4c,
62900571,2025-01-27 22:41:00.000,,82309461-3244-4fc3-ba1f-ea1d9647c0d5.binning_data.json,62900571,13.874944,13.751342,2025-01-28 03:09:06.407,2025-01-28 03:09:06.407,,14.180257,,0,1.01.04,UTC+0530,tFCCLQvz7k,,com.sec.android.app.shealth,2025-01-28 03:04:00.000,82309461-3244-4fc3-ba1f-ea1d9647c0d5,
62900571,2025-01-28 19:47:00.000,,2afd46df-14e5-4275-a6d9-7af0f8771b2b.binning_data.json,62900571,13.601241,13.786514,2025-01-29 02:48:03.224,2025-01-29 02:48:03.224,,14.220583,,1,1.01.04,UTC+0530,tFCCLQvz7k,,com.sec.android.app.shealth,2025-01-29 02:22:00.000,2afd46df-14e5-4275-a6d9-7af0f8771b2b,
62900571,2025-01-29 20:29:00.000,,2438ce55-9ec2-447d-a319-3d287caf5892.binning_data.json,62900571,13.844693,13.842,2025-01-30 03:30:45.110,2025-01-30 03:30:45.110,,14.332978,,0,1.01.04,UTC+0530,tFCCLQvz7k,,com.sec.android.app.shealth,2025-01-30 03:11:00.000,2438ce55-9ec2-447d-a319-3d287caf5892,
62900571,2025-01-30 19:47:00.000,,cad0c02b-08f4-4460-be20-5e0643adea5f.binning_data.json,62900571,13.873562,13.835641,2025-01-31 03:17:11.966,2025-01-31 03:17:11.966,,14.138551,,0,1.01.04,UTC+0530,tFCCLQvz7k,,com.sec.android.app.shealth,2025-01-31 03:10:00.000,cad0c02b-08f4-4460-be20-5e0643adea5f,
62900571,2025-01-30 19:47:00.000,,76eded74-3a6f-4b0a-a8e6-e19267f997b8.binning_data.json,62900571,13.218771,13.595838,2025-01-31 19:40:20.291,2025-01-31 19:40:20.291,,14.370755,,1,1.01.04,UTC+0530,tFCCLQvz7k,,com.sec.android.app.shealth,2025-01-31 03:10:00.000,76eded74-3a6f-4b0a-a8e6-e19267f997b8,
62900571,2025-02-01 20:43:00.000,,bd7d1eee-e71e-4a1e-8223-f172c1bed868.binning_data.json,62900571,15.201187,13.630693,2025-02-02 04:04:09.653,2025-02-02 04:04:09.653,,14.732822,,1,1.01.04,UTC+0530,tFCCLQvz7k,,com.sec.android.app.shealth,2025-02-02 04:04:00.000,bd7d1eee-e71e-4a1e-8223-f172c1bed868,
62900571,2025-02-03 02:46:00.000,,fb9b917f-7c54-4072-8c87-7859b0afff8d.binning_data.json,62900571,14.59729,13.715244,2025-02-03 05:26:33.475,2025-02-03 05:26:33.475,,14.332136,,1,1.01.04,UTC+0530,tFCCLQvz7k,,com.sec.android.app.shealth,2025-02-03 05:02:00.000,fb9b917f-7c54-4072-8c87-7859b0afff8d,
62900571,2025-02-03 19:56:00.000,,99102cf2-7c32-41b1-a69d-64180ffb00b3.binning_data.json,62900571,13.563419,13.685038,2025-02-04 03:46:37.816,2025-02-04 03:46:37.816,,14.148462,,1,1.01.04,UTC+0530,tFCCLQvz7k,,com.sec.android.app.shealth,2025-02-04 03:46:00.000,99102cf2-7c32-41b1-a69d-64180ffb00b3,
62900571,2025-02-04 19:26:00.000,,6d15fd6d-c310-40c7-8ff7-fe88c17e43eb.binning_data.json,62900571,14.968039,13.679168,2025-02-05 02:20:44.316,2025-02-05 02:20:44.316,,14.584161,,1,1.01.04,UTC+0530,tFCCLQvz7k,,com.sec.android.app.shealth,2025-02-05 02:20:00.000,6d15fd6d-c310-40c7-8ff7-fe88c17e43eb,
62800471,2024-12-09 20:26:00.000,,8a396492-61f5-41ca-a713-d1f6f99819f0.binning_data.json,62800471,13.765522,0.0,2024-12-10 03:44:19.127,2024-12-10 03:44:19.127,,0.0,,0,1.01.04,UTC+0530,tFCCLQvz7k,,com.sec.android.app.shealth,2024-12-10 03:39:00.000,8a396492-61f5-41ca-a713-d1f6f99819f0,
62800471,2024-12-11 18:47:00.000,,e18f0e2b-cb92-4bf1-a97d-2d4f68c5900f.binning_data.json,62800471,14.121078,0.0,2024-12-12 03:48:41.708,2024-12-12 03:48:41.708,,0.0,,0,1.01.04,UTC+0530,tFCCLQvz7k,,com.sec.android.app.shealth,2024-12-12 03:48:00.000,e18f0e2b-cb92-4bf1-a97d-2d4f68c5900f,
62800471,2024-12-12 21:18:00.000,,ecd28b33-a877-47de-b783-92e73fa4e5ed.binning_data.json,62800471,14.515924,13.650829,2024-12-13 00:18:47.157,2024-12-13 00:18:47.157,,14.446363,,1,1.01.04,UTC+0530,tFCCLQvz7k,,com.sec.android.app.shealth,2024-12-13 00:08:00.000,ecd28b33-a877-47de-b783-92e73fa4e5ed,
62800471,2024-12-13 13:50:00.000,,d497fe87-aded-48d3-bd5d-91d209f97d9d.binning_data.json,62800471,14.99408,13.32187,2024-12-13 15:22:43.179,2024-12-13 15:22:43.179,,14.759072,,1,1.01.04,UTC+0530,tFCCLQvz7k,,com.sec.android.app.shealth,2024-12-13 15:22:00.000,d497fe87-aded-48d3-bd5d-91d209f97d9d,
62800471,2024-12-13 20:47:00.000,,9e18b165-deab-41f1-8c9c-0146ee35d170.binning_data.json,62800471,14.278678,13.797087,2024-12-14 04:16:37.667,2024-12-14 04:16:37.667,,14.334312,,0,1.01.04,UTC+0530,tFCCLQvz7k,,com.sec.android.app.shealth,2024-12-14 03:46:00.000,9e18b165-deab-41f1-8c9c-0146ee35d170,
62800471,2024-12-14 19:29:00.000,,55be1a5f-e411-4e84-a3c0-ad9d3723432e.binning_data.json,62800471,13.637957,13.619582,2024-12-15 04:45:07.104,2024-12-15 04:45:07.104,,14.267777,,0,1.01.04,UTC+0530,tFCCLQvz7k,,com.sec.android.app.shealth,2024-12-15 04:14:00.000,55be1a5f-e411-4e84-a3c0-ad9d3723432e,
62800471,2024-12-15 19:48:00.000,,5b9d065b-354e-4394-a036-5d9328780341.binning_data.json,62800471,14.261996,13.672311,2024-12-16 03:24:23.720,2024-12-16 03:24:23.720,,14.330747,,0,1.01.04,UTC+0530,tFCCLQvz7k,,com.sec.android.app.shealth,2024-12-16 03:07:00.000,5b9d065b-354e-4394-a036-5d9328780341,
62800471,2024-12-16 20:14:00.000,,85df501b-adc3-4e9a-82b9-7b00c9853226.binning_data.json,62800471,14.751765,13.602184,2024-12-17 00:17:06.507,2024-12-17 00:17:06.507,,14.531807,,1,1.01.04,UTC+0530,tFCCLQvz7k,,com.sec.android.app.shealth,2024-12-17 00:11:00.000,85df501b-adc3-4e9a-82b9-7b00c9853226,
62800471,2024-12-17 01:22:00.000,,0a162d1b-751d-47ab-9498-9dfd0144c0e2.binning_data.json,62800471,15.001971,13.44528,2024-12-17 03:00:11.862,2024-12-17 03:00:11.862,,14.608166,,1,1.01.04,UTC+0530,tFCCLQvz7k,,com.sec.android.app.shealth,2024-12-17 03:00:00.000,0a162d1b-751d-47ab-9498-9dfd0144c0e2,
62800471,2024-12-17 19:04:00.000,,b3ce77cd-23f3-4d0c-beab-23e5ea259549.binning_data.json,62800471,14.063533,13.710895,2024-12-18 03:29:29.227,2024-12-18 03:29:29.227,,14.313664,,0,1.01.04,UTC+0530,tFCCLQvz7k,,com.sec.android.app.shealth,2024-12-18 03:24:00.000,b3ce77cd-23f3-4d0c-beab-23e5ea259549,
62800471,2024-12-18 19:06:00.000,,51d608a3-06ae-4d47-9396-f7c4be0ca39c.binning_data.json,62800471,13.776497,13.68402,2024-12-19 02:17:58.794,2024-12-19 02:17:58.794,,14.281501,,0,1.01.04,UTC+0530,tFCCLQvz7k,,com.sec.android.app.shealth,2024-12-19 02:17:00.000,51d608a3-06ae-4d47-9396-f7c4be0ca39c,
62800471,2024-12-19 19:36:00.000,,231b8df3-9847-4748-ac10-c482cc65b7f2.binning_data.json,62800471,13.933481,13.696502,2024-12-20 03:29:05.622,2024-12-20 03:29:05.622,,14.257094,,0,1.01.04,UTC+0530,tFCCLQvz7k,,com.sec.android.app.shealth,2024-12-20 03:22:00.000,231b8df3-9847-4748-ac10-c482cc65b7f2,
62800471,2024-12-20 20:34:00.000,,e5ee9cfe-4339-40ee-aa41-c42ac0b73e5d.binning_data.json,62800471,15.012366,13.552166,2024-12-21 01:02:56.134,2024-12-21 01:02:56.134,,14.529608,,1,1.01.04,UTC+0530,tFCCLQvz7k,,com.sec.android.app.shealth,2024-12-21 00:57:00.000,e5ee9cfe-4339-40ee-aa41-c42ac0b73e5d,
62800471,2024-12-21 17:28:00.000,,14b0ae51-4e59-4557-a63b-feca27e63b79.binning_data.json,62800471,14.204373,13.717503,2024-12-21 23:31:15.597,2024-12-21 23:31:15.597,,14.275057,,0,1.01.04,UTC+0530,tFCCLQvz7k,,com.sec.android.app.shealth,2024-12-21 23:31:00.000,14b0ae51-4e59-4557-a63b-feca27e63b79,
62800471,2024-12-22 19:45:00.000,,21c92e01-9962-4871-8796-9331acfafabb.binning_data.json,62800471,14.475418,13.693699,2024-12-22 22:51:46.910,2024-12-22 22:51:46.910,,14.335979,,1,1.01.04,UTC+0530,tFCCLQvz7k,,com.sec.android.app.shealth,2024-12-22 22:46:00.000,21c92e01-9962-4871-8796-9331acfafabb,
62800471,2024-12-25 21:17:00.000,,2aa2d154-1bf5-4e3c-b661-65ae8bbf6418.binning_data.json,62800471,13.934658,13.726279,2024-12-26 02:35:59.579,2024-12-26 02:35:59.579,,14.257646,,0,1.01.04,UTC+0530,tFCCLQvz7k,,com.sec.android.app.shealth,2024-12-26 02:35:00.000,2aa2d154-1bf5-4e3c-b661-65ae8bbf6418,
62800471,2024-12-27 17:47:00.000,,283ceafa-16a6-4de0-a33d-56b06dc356d6.binning_data.json,62800471,12.904177,13.448085,2024-12-27 23:25:32.133,2024-12-27 23:25:32.133,,14.384145,,1,1.01.04,UTC+0530,tFCCLQvz7k,,com.sec.android.app.shealth,2024-12-27 23:24:00.000,283ceafa-16a6-4de0-a33d-56b06dc356d6,
62800471,2024-12-27 23:42:00.000,,e2394e9a-14cc-4d7a-a735-091ecbf4be0e.binning_data.json,62800471,15.301746,13.445256,2024-12-28 00:24:42.645,2024-12-28 00:24:42.645,,14.550797,,1,1.01.04,UTC+0530,tFCCLQvz7k,,com.sec.android.app.shealth,2024-12-28 00:17:00.000,e2394e9a-14cc-4d7a-a735-091ecbf4be0e,
62800471,2024-12-28 18:03:00.000,,474cd150-e177-40fa-8777-2e7c68f8465f.binning_data.json,62800471,13.504491,13.627538,2024-12-29 03:36:58.139,2024-12-29 03:36:58.139,,14.246984,,1,1.01.04,UTC+0530,tFCCLQvz7k,,com.sec.android.app.shealth,2024-12-29 03:31:00.000,474cd150-e177-40fa-8777-2e7c68f8465f,
62800471,2024-12-30 20:15:00.000,,ed9abc7b-f1a0-4d14-b5fc-3091f1748287.binning_data.json,62800471,13.736448,13.61958,2024-12-31 03:05:40.178,2024-12-31 03:05:40.178,,14.267776,,0,1.01.04,UTC+0530,tFCCLQvz7k,,com.sec.android.app.shealth,2024-12-31 03:00:00.000,ed9abc7b-f1a0-4d14-b5fc-3091f1748287,
62800471,2024-12-31 19:57:00.000,,c3dbb069-335f-4eae-b415-7d3cc173e398.binning_data.json,62800471,14.030586,13.672311,2025-01-01 02:52:04.635,2025-01-01 02:52:04.635,,14.330747,,0,1.01.04,UTC+0530,tFCCLQvz7k,,com.sec.android.app.shealth,2025-01-01 02:51:00.000,c3dbb069-335f-4eae-b415-7d3cc173e398,
62800471,2025-01-01 20:41:00.000,,62f42a60-dcfd-4ed0-8c36-b99357bdf945.binning_data.json,62800471,13.768304,13.710895,2025-01-02 04:55:01.277,2025-01-02 04:55:01.277,,14.313664,,0,1.01.04,UTC+0530,tFCCLQvz7k,,com.sec.android.app.shealth,2025-01-02 04:27:00.000,62f42a60-dcfd-4ed0-8c36-b99357bdf945,
62800471,2025-01-02 18:16:00.000,,29b39aca-d602-4aef-95c6-e7d464a4b83c.binning_data.json,62800471,14.087414,13.68402,2025-01-03 02:29:59.035,2025-01-03 02:29:59.035,,14.281501,,0,1.01.04,UTC+0530,tFCCLQvz7k,,com.sec.android.app.shealth,2025-01-03 02:24:00.000,29b39aca-d602-4aef-95c6-e7d464a4b83c,
62800471,2025-01-03 22:30:00.000,,4addc3b1-7c15-44e7-992c-c3bad71a136d.binning_data.json,62800471,13.749739,13.68402,2025-01-04 00:02:26.812,2025-01-04 00:02:26.812,,14.281501,,0,1.01.04,UTC+0530,tFCCLQvz7k,,com.sec.android.app.shealth,2025-01-03 23:32:00.000,4addc3b1-7c15-44e7-992c-c3bad71a136d,
62800471,2025-01-04 00:04:00.000,,7270eca0-2207-4a8a-a2c0-5bc2250394d2.binning_data.json,62800471,15.592401,13.68402,2025-01-04 00:54:43.923,2025-01-04 00:54:43.923,,14.281501,,1,1.01.04,UTC+0530,tFCCLQvz7k,,com.sec.android.app.shealth,2025-01-04 00:29:00.000,7270eca0-2207-4a8a-a2c0-5bc2250394d2,
62900571,2025-02-05 22:57:00.000,,8ed41b75-0f4a-4d8c-92ae-540d5685ecf9.binning_data.json,62900571,12.8147545,13.306441,2025-02-06 04:35:31.133,2025-02-06 04:35:31.133,,14.368768,,1,1.01.04,UTC+0530,tFCCLQvz7k,,com.sec.android.app.shealth,2025-02-06 04:14:00.000,8ed41b75-0f4a-4d8c-92ae-540d5685ecf9,
62900571,2025-02-06 20:31:00.000,,5bcd40ea-03f7-40ac-871b-0553d1ad6461.binning_data.json,62900571,15.060038,13.542137,2025-02-06 22:59:53.686,2025-02-06 22:59:53.686,,14.550396,,1,1.01.04,UTC+0530,tFCCLQvz7k,,com.sec.android.app.shealth,2025-02-06 22:33:00.000,5bcd40ea-03f7-40ac-871b-0553d1ad6461,
62900571,2025-02-06 22:51:00.000,,f3465d4f-67d3-462c-b6ac-966f20a48c23.binning_data.json,62900571,13.836488,13.81345,2025-02-07 04:32:47.886,2025-02-07 04:32:47.886,,14.122541,,0,1.01.04,UTC+0530,tFCCLQvz7k,,com.sec.android.app.shealth,2025-02-07 04:32:00.000,f3465d4f-67d3-462c-b6ac-966f20a48c23,
62900571,2025-02-07 19:56:00.000,,1de971e4-3f90-4811-9293-f4f10fbc8c56.binning_data.json,62900571,13.957629,13.8221855,2025-02-08 02:03:29.108,2025-02-08 02:03:29.108,,14.111336,,0,1.01.04,UTC+0530,tFCCLQvz7k,,com.sec.android.app.shealth,2025-02-08 02:03:00.000,1de971e4-3f90-4811-9293-f4f10fbc8c56,
62900571,2025-02-08 02:10:00.000,,eba61c18-be70-4b3d-8b91-55e6e4a8f419.binning_data.json,62900571,13.727331,13.778911,2025-02-08 04:53:25.067,2025-02-08 04:53:25.067,,14.131682,,1,1.01.04,UTC+0530,tFCCLQvz7k,,com.sec.android.app.shealth,2025-02-08 04:53:00.000,eba61c18-be70-4b3d-8b91-55e6e4a8f419,
62900571,2025-02-08 23:52:00.000,,d8b50ce8-0554-4ede-8b6d-34e98db3f868.binning_data.json,62900571,14.482417,13.750233,2025-02-09 05:46:37.045,2025-02-09 05:46:37.045,,14.265919,,1,1.01.04,UTC+0530,tFCCLQvz7k,,com.sec.android.app.shealth,2025-02-09 05:18:00.000,d8b50ce8-0554-4ede-8b6d-34e98db3f868,
62900571,2025-02-09 11:50:00.000,,9e9a259d-c3f0-4320-895e-102c496bd6c4.binning_data.json,62900571,15.494507,13.301962,2025-02-09 13:20:13.823,2025-02-09 13:20:13.823,,14.665535,,1,1.01.04,UTC+0530,tFCCLQvz7k,,com.sec.android.app.shealth,2025-02-09 12:55:00.000,9e9a259d-c3f0-4320-895e-102c496bd6c4,
62900571,2025-02-09 21:18:00.000,,ef5f9db9-c46f-4f2a-8733-dec6db827842.binning_data.json,62900571,14.282679,13.764004,2025-02-10 02:22:42.897,2025-02-10 02:22:42.897,,14.147722,,1,1.01.04,UTC+0530,tFCCLQvz7k,,com.sec.android.app.shealth,2025-02-10 02:13:00.000,ef5f9db9-c46f-4f2a-8733-dec6db827842,
62900571,2025-02-11 22:09:00.000,,b7f93b1f-bdbe-4844-b24f-ae15ef6d25ab.binning_data.json,62900571,13.913545,13.807886,2025-02-12 03:02:47.721,2025-02-12 03:02:47.721,,14.013006,,0,1.01.04,UTC+0530,tFCCLQvz7k,,com.sec.android.app.shealth,2025-02-12 02:56:00.000,b7f93b1f-bdbe-4844-b24f-ae15ef6d25ab,
62900571,2025-02-12 19:47:00.000,,030ab27e-8c36-40e8-8784-31ac02ecb552.binning_data.json,62900571,13.654174,13.732078,2025-02-13 02:10:43.240,2025-02-13 02:10:43.240,,14.019727,,1,1.01.04,UTC+0530,tFCCLQvz7k,,com.sec.android.app.shealth,2025-02-13 02:07:00.000,030ab27e-8c36-40e8-8784-31ac02ecb552,
62900571,2025-02-13 19:23:00.000,,7d374860-2906-4713-b9b9-74d599f0d090.binning_data.json,62900571,13.783083,13.781559,2025-02-14 02:33:15.335,2025-02-14 02:33:15.335,,14.001774,,0,1.01.04,UTC+0530,tFCCLQvz7k,,com.sec.android.app.shealth,2025-02-14 02:33:00.000,7d374860-2906-4713-b9b9-74d599f0d090,
62900571,2025-02-15 21:21:00.000,,dd587fc0-014f-41d7-a65c-7a572f56f085.binning_data.json,62900571,14.619483,13.791686,2025-02-16 03:21:32.226,2025-02-16 03:21:32.226,,14.038871,,1,1.01.04,UTC+0530,tFCCLQvz7k,,com.sec.android.app.shealth,2025-02-16 03:12:00.000,dd587fc0-014f-41d7-a65c-7a572f56f085,
62910031,2025-02-17 19:11:00.000,,47eb19a5-ff38-4b18-9161-95241bf022db.binning_data.json,62910031,13.881659,13.791686,2025-02-18 04:08:46.895,2025-02-18 04:08:46.895,,14.038871,,0,1.01.04,UTC+0530,tFCCLQvz7k,,com.sec.android.app.shealth,2025-02-18 03:49:00.000,47eb19a5-ff38-4b18-9161-95241bf022db,
62910031,2025-02-18 20:57:00.000,,5595367a-671b-4855-841a-ba4eb9ab4b3e.binning_data.json,62910031,13.844976,13.791686,2025-02-19 02:34:08.847,2025-02-19 02:34:08.847,,14.038871,,0,1.01.04,UTC+0530,tFCCLQvz7k,,com.sec.android.app.shealth,2025-02-19 02:28:00.000,5595367a-671b-4855-841a-ba4eb9ab4b3e,
62910031,2025-02-19 19:17:00.000,,f3a01ac0-6704-451a-bcfa-738c75413949.binning_data.json,62910031,14.108876,13.791686,2025-02-20 02:14:19.076,2025-02-20 02:14:19.076,,14.038871,,1,1.01.04,UTC+0530,tFCCLQvz7k,,com.sec.android.app.shealth,2025-02-20 01:49:00.000,f3a01ac0-6704-451a-bcfa-738c75413949,
62910031,2025-02-20 19:48:00.000,,f8d1e3b4-8b75-4dcf-995f-ac8402eb4363.binning_data.json,62910031,13.440644,13.845688,2025-02-21 03:04:53.514,2025-02-21 03:04:53.514,,13.880684,,1,1.01.04,UTC+0530,tFCCLQvz7k,,com.sec.android.app.shealth,2025-02-21 02:45:00.000,f8d1e3b4-8b75-4dcf-995f-ac8402eb4363,
62910031,2025-02-21 21:18:00.000,,d617c5bf-6d8f-402d-bb9f-756814075b91.binning_data.json,62910031,13.925177,13.845688,2025-02-21 23:28:48.070,2025-02-21 23:28:48.070,,13.880684,,1,1.01.04,UTC+0530,tFCCLQvz7k,,com.sec.android.app.shealth,2025-02-21 23:23:00.000,d617c5bf-6d8f-402d-bb9f-756814075b91,
62910031,2025-02-22 06:32:00.000,,7d693611-b4cc-4f89-88ab-1faa7818455c.binning_data.json,62910031,15.958133,13.835723,2025-02-22 07:39:46.827,2025-02-22 07:39:46.827,,13.878448,,1,1.01.04,UTC+0530,tFCCLQvz7k,,com.sec.android.app.shealth,2025-02-22 07:33:00.000,7d693611-b4cc-4f89-88ab-1faa7818455c,
62910031,2025-02-22 19:12:00.000,,6e421d23-67dc-4b75-9259-849e38bc9c5f.binning_data.json,62910031,13.094053,13.82314,2025-02-23 02:37:23.651,2025-02-23 02:37:23.651,,13.930398,,1,1.01.04,UTC+0530,tFCCLQvz7k,,com.sec.android.app.shealth,2025-02-23 02:37:00.000,6e421d23-67dc-4b75-9259-849e38bc9c5f,
62910031,2025-02-23 20:51:00.000,,0804b5a9-b758-489c-bee5-68cceef98224.binning_data.json,62910031,13.713873,13.817148,2025-02-24 03:20:34.757,2025-02-24 03:20:34.757,,13.937025,,1,1.01.04,UTC+0530,tFCCLQvz7k,,com.sec.android.app.shealth,2025-02-24 03:20:00.000,0804b5a9-b758-489c-bee5-68cceef98224,
62910031,2025-02-24 20:24:00.000,,1c2b163d-44e9-43ca-be3c-e94c2c066f7e.binning_data.json,62910031,14.457811,13.817148,2025-02-25 02:01:59.177,2025-02-25 02:01:59.177,,13.937025,,1,1.01.04,UTC+0530,tFCCLQvz7k,,com.sec.android.app.shealth,2025-02-25 02:01:00.000,1c2b163d-44e9-43ca-be3c-e94c2c066f7e,
62910031,2025-02-25 21:44:00.000,,53e000f1-65b1-4ad0-b2cb-b77d68b8066f.binning_data.json,62910031,14.560611,13.817148,2025-02-25 23:54:50.449,2025-02-25 23:54:50.449,,13.937025,,1,1.01.04,UTC+0530,tFCCLQvz7k,,com.sec.android.app.shealth,2025-02-25 23:29:00.000,53e000f1-65b1-4ad0-b2cb-b77d68b8066f,
62910031,2025-02-25 23:46:00.000,,f9a3dcaf-d214-4680-993d-1735076e2fa8.binning_data.json,62910031,13.453885,13.817148,2025-02-26 02:41:24.261,2025-02-26 02:41:24.261,,13.937025,,1,1.01.04,UTC+0530,tFCCLQvz7k,,com.sec.android.app.shealth,2025-02-26 02:41:00.000,f9a3dcaf-d214-4680-993d-1735076e2fa8,
62910031,2025-02-26 21:14:00.000,,08a358ee-34f8-4d51-af28-e3978a8ca694.binning_data.json,62910031,14.018191,13.825726,2025-02-27 02:34:00.898,2025-02-27 02:34:00.898,,13.952429,,1,1.01.04,UTC+0530,tFCCLQvz7k,,com.sec.android.app.shealth,2025-02-27 02:28:00.000,08a358ee-34f8-4d51-af28-e3978a8ca694,
62910031,2025-02-27 20:12:00.000,,df05e2ed-d8ba-4257-b00d-4f02cf2d8d52.binning_data.json,62910031,14.095385,13.84051,2025-02-28 03:53:35.493,2025-02-28 03:53:35.493,,13.965674,,1,1.01.04,UTC+0530,tFCCLQvz7k,,com.sec.android.app.shealth,2025-02-28 03:46:00.000,df05e2ed-d8ba-4257-b00d-4f02cf2d8d52,
62910031,2025-02-28 20:33:00.000,,7b5ba06c-77b8-4d3f-9a72-b19504d7fb1b.binning_data.json,62910031,14.6820135,13.84051,2025-02-28 23:46:39.173,2025-02-28 23:46:39.173,,13.965674,,1,1.01.04,UTC+0530,tFCCLQvz7k,,com.sec.android.app.shealth,2025-02-28 23:41:00.000,7b5ba06c-77b8-4d3f-9a72-b19504d7fb1b,
62910031,2025-03-01 00:00:00.000,,78f1951a-08f4-4f2d-9fac-70819e5403f2.binning_data.json,62910031,13.476856,13.781937,2025-03-01 03:01:44.744,2025-03-01 03:01:44.744,,13.951355,,1,1.01.04,UTC+0530,tFCCLQvz7k,,com.sec.android.app.shealth,2025-03-01 03:01:00.000,78f1951a-08f4-4f2d-9fac-70819e5403f2,
62910031,2025-03-01 19:19:00.000,,c36ab411-d2fb-4f05-932e-126d076e732e.binning_data.json,62910031,15.02266,13.781937,2025-03-01 23:26:54.596,2025-03-01 23:26:54.596,,13.951355,,1,1.01.04,UTC+0530,tFCCLQvz7k,,com.sec.android.app.shealth,2025-03-01 23:10:00.000,c36ab411-d2fb-4f05-932e-126d076e732e,
62910031,2025-03-02 06:57:00.000,,9b6de680-7ef2-4a43-b4fc-077801a98ac6.binning_data.json,62910031,15.554347,13.781937,2025-03-02 08:27:24.509,2025-03-02 08:27:24.509,,13.951355,,1,1.01.04,UTC+0530,tFCCLQvz7k,,com.sec.android.app.shealth,2025-03-02 08:01:00.000,9b6de680-7ef2-4a43-b4fc-077801a98ac6,
62910031,2025-03-02 21:36:00.000,,22477071-4734-4f5e-b59e-3b9e71766dfd.binning_data.json,62910031,13.452166,13.781937,2025-03-03 03:24:44.734,2025-03-03 03:24:44.734,,13.951355,,1,1.01.04,UTC+0530,tFCCLQvz7k,,com.sec.android.app.shealth,2025-03-03 03:24:00.000,22477071-4734-4f5e-b59e-3b9e71766dfd,
62910031,2025-03-03 19:16:00.000,,8615af6d-2648-4344-b25a-ee306f36fb39.binning_data.json,62910031,14.925285,13.781937,2025-03-03 22:18:36.234,2025-03-03 22:18:36.234,,13.951355,,1,1.01.04,UTC+0530,tFCCLQvz7k,,com.sec.android.app.shealth,2025-03-03 21:52:00.000,8615af6d-2648-4344-b25a-ee306f36fb39,
62910031,2025-03-03 22:24:00.000,,6cb106f1-3e07-427d-9bc1-7db421e37565.binning_data.json,62910031,13.640342,13.781937,2025-03-04 02:19:29.983,2025-03-04 02:19:29.983,,13.951355,,1,1.01.04,UTC+0530,tFCCLQvz7k,,com.sec.android.app.shealth,2025-03-04 02:10:00.000,6cb106f1-3e07-427d-9bc1-7db421e37565,
62910031,2025-03-04 22:13:00.000,,59334bff-f2da-4f1b-bd6a-ab73337b0227.binning_data.json,62910031,13.898096,13.781937,2025-03-05 02:17:08.222,2025-03-05 02:17:08.222,,13.951355,,0,1.01.04,UTC+0530,tFCCLQvz7k,,com.sec.android.app.shealth,2025-03-05 02:17:00.000,59334bff-f2da-4f1b-bd6a-ab73337b0227,
62910031,2025-03-05 06:36:00.000,,16c30bef-c3e9-4123-9c0b-0b5792f9117c.binning_data.json,62910031,14.637693,13.795025,2025-03-05 07:44:29.687,2025-03-05 07:44:29.687,,13.9465065,,1,1.01.04,UTC+0530,tFCCLQvz7k,,com.sec.android.app.shealth,2025-03-05 07:36:00.000,16c30bef-c3e9-4123-9c0b-0b5792f9117c,
62910031,2025-03-05 06:36:00.000,,e6caaab8-2a11-4a27-be9e-e14ee1779959.binning_data.json,62910031,15.571806,13.795025,2025-03-05 20:19:49.067,2025-03-05 20:19:49.067,,13.9465065,,1,1.01.04,UTC+0530,tFCCLQvz7k,,com.sec.android.app.shealth,2025-03-05 07:36:00.000,e6caaab8-2a11-4a27-be9e-e14ee1779959,
62910031,2025-03-05 20:24:00.000,,b3e03c67-1ecc-4470-876e-5998cffa2b3f.binning_data.json,62910031,13.7063875,13.795025,2025-03-06 02:30:28.046,2025-03-06 02:30:28.046,,13.9465065,,1,1.01.04,UTC+0530,tFCCLQvz7k,,com.sec.android.app.shealth,2025-03-06 02:30:00.000,b3e03c67-1ecc-4470-876e-5998cffa2b3f,
62910031,2025-03-06 20:19:00.000,,a72116b9-7631-43ad-90d5-3f3aa8421111.binning_data.json,62910031,13.886917,13.791862,2025-03-07 03:15:19.270,2025-03-07 03:15:19.270,,13.913369,,0,1.01.04,UTC+0530,tFCCLQvz7k,,com.sec.android.app.shealth,2025-03-07 03:15:00.000,a72116b9-7631-43ad-90d5-3f3aa8421111,
62910031,2025-03-05 06:36:00.000,,73117355-72ab-4e71-ad5d-21d30121ad14.binning_data.json,62910031,13.9800625,13.791862,2025-03-07 03:57:58.142,2025-03-07 03:57:58.142,,13.913369,,1,1.01.04,UTC+0530,tFCCLQvz7k,,com.sec.android.app.shealth,2025-03-05 07:36:00.000,73117355-72ab-4e71-ad5d-21d30121ad14,
62910031,2025-03-08 11:41:00.000,,7a166177-350a-4398-8c82-c92fd6f938a9.binning_data.json,62910031,14.510933,13.791862,2025-03-08 13:52:15.469,2025-03-08 13:52:15.469,,13.913369,,1,1.01.04,UTC+0530,tFCCLQvz7k,,com.sec.android.app.shealth,2025-03-08 13:21:00.000,7a166177-350a-4398-8c82-c92fd6f938a9,
62910031,2025-03-08 20:32:00.000,,db7f431e-a6a1-4be0-80e5-4a9aed79062a.binning_data.json,62910031,13.506258,13.791862,2025-03-09 04:15:06.368,2025-03-09 04:15:06.368,,13.913369,,1,1.01.04,UTC+0530,tFCCLQvz7k,,com.sec.android.app.shealth,2025-03-09 03:55:00.000,db7f431e-a6a1-4be0-80e5-4a9aed79062a,
62910031,2025-03-09 21:49:00.000,,0d28d232-d37e-4f5f-bbde-3ecc761e2549.binning_data.json,62910031,14.361722,13.791862,2025-03-10 04:17:28.036,2025-03-10 04:17:28.036,,13.913369,,1,1.01.04,UTC+0530,tFCCLQvz7k,,com.sec.android.app.shealth,2025-03-10 04:11:00.000,0d28d232-d37e-4f5f-bbde-3ecc761e2549,
62910031,2025-03-10 19:37:00.000,,2cf1ac76-a8ed-417c-92a1-3caef45a084b.binning_data.json,62910031,14.51305,13.791862,2025-03-11 02:23:12.700,2025-03-11 02:23:12.700,,13.913369,,1,1.01.04,UTC+0530,tFCCLQvz7k,,com.sec.android.app.shealth,2025-03-11 02:23:00.000,2cf1ac76-a8ed-417c-92a1-3caef45a084b,
62910031,2025-03-11 19:30:00.000,,f634d00c-0ca1-4e30-a124-bbb48f524a55.binning_data.json,62910031,13.875352,13.788659,2025-03-12 03:01:54.415,2025-03-12 03:01:54.415,,13.890651,,0,1.01.04,UTC+0530,tFCCLQvz7k,,com.sec.android.app.shealth,2025-03-12 02:51:00.000,f634d00c-0ca1-4e30-a124-bbb48f524a55,
62910031,2025-03-12 20:10:00.000,,88ba9400-270c-4eb8-84ff-ba828f999d47.binning_data.json,62910031,14.458874,13.704253,2025-03-13 02:54:44.338,2025-03-13 02:54:44.338,,14.247552,,1,1.01.04,UTC+0530,tFCCLQvz7k,,com.sec.android.app.shealth,2025-03-13 02:54:00.000,88ba9400-270c-4eb8-84ff-ba828f999d47,
62910031,2025-03-13 20:49:00.000,,1751e820-15a2-405a-92eb-dae4c280f421.binning_data.json,62910031,14.216594,13.772022,2025-03-14 02:59:37.693,2025-03-14 02:59:37.693,,14.090725,,1,1.01.04,UTC+0530,tFCCLQvz7k,,com.sec.android.app.shealth,2025-03-14 02:59:00.000,1751e820-15a2-405a-92eb-dae4c280f421,
62910031,2025-03-14 20:03:00.000,,611fbd11-be49-4881-968d-096abe9236a2.binning_data.json,62910031,14.698841,13.62193,2025-03-15 02:06:11.783,2025-03-15 02:06:11.783,,14.388677,,1,1.01.04,UTC+0530,tFCCLQvz7k,,com.sec.android.app.shealth,2025-03-15 01:54:00.000,611fbd11-be49-4881-968d-096abe9236a2,
62910031,2025-03-16 08:48:00.000,,fb68f33d-4c58-48e0-a2d2-33424a7ef5f5.binning_data.json,62910031,15.809704,13.085096,2025-03-16 11:27:31.903,2025-03-16 11:27:31.903,,14.944197,,1,1.01.04,UTC+0530,tFCCLQvz7k,,com.sec.android.app.shealth,2025-03-16 11:02:00.000,fb68f33d-4c58-48e0-a2d2-33424a7ef5f5,
62910031,2025-03-16 21:20:00.000,,d2a02a1f-ccaa-4d90-8719-a40666957918.binning_data.json,62910031,14.830073,13.606525,2025-03-17 04:18:19.990,2025-03-17 04:18:19.990,,14.562273,,1,1.01.04,UTC+0530,tFCCLQvz7k,,com.sec.android.app.shealth,2025-03-17 03:59:00.000,d2a02a1f-ccaa-4d90-8719-a40666957918,
62910031,2025-03-17 19:51:00.000,,8a0d7fa3-a9ef-4dd3-a38c-8ffd2d62f3a0.binning_data.json,62910031,14.399303,13.750237,2025-03-18 03:09:36.327,2025-03-18 03:09:36.327,,14.306428,,1,1.01.04,UTC+0530,tFCCLQvz7k,,com.sec.android.app.shealth,2025-03-18 03:06:00.000,8a0d7fa3-a9ef-4dd3-a38c-8ffd2d62f3a0,
62910031,2025-03-19 20:24:00.000,,d674ed9b-1bae-415d-ad8e-ce2a241efc65.binning_data.json,62910031,14.967876,13.60028,2025-03-20 03:28:42.024,2025-03-20 03:28:42.024,,14.773107,,1,1.01.04,UTC+0530,tFCCLQvz7k,,com.sec.android.app.shealth,2025-03-20 03:11:00.000,d674ed9b-1bae-415d-ad8e-ce2a241efc65,
62910031,2025-03-21 19:57:00.000,,685de8a4-67f7-422b-bb21-d1a38c57b911.binning_data.json,62910031,13.865031,13.862207,2025-03-22 04:25:48.557,2025-03-22 04:25:48.557,,13.894167,,0,1.01.04,UTC+0530,tFCCLQvz7k,,com.sec.android.app.shealth,2025-03-22 04:25:00.000,685de8a4-67f7-422b-bb21-d1a38c57b911,
62910031,2025-03-23 23:28:00.000,,995c40e3-bbbb-481b-81d3-85fbb889043b.binning_data.json,62910031,13.84014,13.848005,2025-03-24 03:54:42.361,2025-03-24 03:54:42.361,,13.897661,,1,1.01.04,UTC+0530,tFCCLQvz7k,,com.sec.android.app.shealth,2025-03-24 03:35:00.000,995c40e3-bbbb-481b-81d3-85fbb889043b,
62910031,2025-03-24 20:30:00.000,,527b4441-66cb-46c5-bd3d-7665c41532f6.binning_data.json,62910031,14.386888,13.730716,2025-03-25 03:36:52.568,2025-03-25 03:36:52.568,,14.237025,,1,1.01.04,UTC+0530,tFCCLQvz7k,,com.sec.android.app.shealth,2025-03-25 03:31:00.000,527b4441-66cb-46c5-bd3d-7665c41532f6,
62910031,2025-03-25 20:08:00.000,,e6a6c53d-3319-4104-b64c-37a5ab32d02f.binning_data.json,62910031,14.238879,13.774699,2025-03-26 03:11:14.475,2025-03-26 03:11:14.475,,14.133311,,1,1.01.04,UTC+0530,tFCCLQvz7k,,com.sec.android.app.shealth,2025-03-26 02:57:00.000,e6a6c53d-3319-4104-b64c-37a5ab32d02f,
62910031,2025-03-26 22:32:00.000,,d951e2da-e7c5-44a4-a760-952cd82e2f74.binning_data.json,62910031,14.736202,13.561083,2025-03-27 02:52:32.046,2025-03-27 02:52:32.046,,14.4284115,,1,1.01.04,UTC+0530,tFCCLQvz7k,,com.sec.android.app.shealth,2025-03-27 02:27:00.000,d951e2da-e7c5-44a4-a760-952cd82e2f74,
62910031,2025-03-27 21:59:00.000,,af4d4595-cb6c-4013-9efe-b06447680887.binning_data.json,62910031,14.088868,13.872471,2025-03-28 02:32:44.787,2025-03-28 02:32:44.787,,13.896414,,1,1.01.04,UTC+0530,tFCCLQvz7k,,com.sec.android.app.shealth,2025-03-28 02:27:00.000,af4d4595-cb6c-4013-9efe-b06447680887,
62910031,2025-03-28 22:18:00.000,,59572fc5-ec3b-42b2-9be8-b11a2199adf8.binning_data.json,62910031,13.758211,13.872471,2025-03-29 06:25:54.051,2025-03-29 06:25:54.051,,13.896414,,1,1.01.04,UTC+0530,tFCCLQvz7k,,com.sec.android.app.shealth,2025-03-29 06:25:00.000,59572fc5-ec3b-42b2-9be8-b11a2199adf8,
62910031,2025-03-30 00:09:00.000,,c57a5fc7-fefe-40b4-a626-90e992d57762.binning_data.json,62910031,14.221276,13.872471,2025-03-30 04:01:11.308,2025-03-30 04:01:11.308,,13.896414,,1,1.01.04,UTC+0530,tFCCLQvz7k,,com.sec.android.app.shealth,2025-03-30 03:49:00.000,c57a5fc7-fefe-40b4-a626-90e992d57762,
62910031,2025-03-30 04:30:00.000,,c88b3112-66a9-4322-99a1-a3e2e68b1e83.binning_data.json,62910031,13.8758335,13.872471,2025-03-30 07:30:19.150,2025-03-30 07:30:19.150,,13.896414,,0,1.01.04,UTC+0530,tFCCLQvz7k,,com.sec.android.app.shealth,2025-03-30 07:05:00.000,c88b3112-66a9-4322-99a1-a3e2e68b1e83,
62910031,2025-03-30 20:14:00.000,,5fb86842-63a7-4a7c-9ca4-59b42b9e433e.binning_data.json,62910031,14.280716,13.872471,2025-03-31 00:17:12.115,2025-03-31 00:17:12.115,,13.896414,,1,1.01.04,UTC+0530,tFCCLQvz7k,,com.sec.android.app.shealth,2025-03-31 00:12:00.000,5fb86842-63a7-4a7c-9ca4-59b42b9e433e,
62910031,2025-03-31 05:56:00.000,,f8cd137b-7cdf-4980-b0a5-bf5ad1ebf0e1.binning_data.json,62910031,14.428181,13.872471,2025-03-31 07:14:37.390,2025-03-31 07:14:37.390,,13.896414,,1,1.01.04,UTC+0530,tFCCLQvz7k,,com.sec.android.app.shealth,2025-03-31 07:09:00.000,f8cd137b-7cdf-4980-b0a5-bf5ad1ebf0e1,
62910031,2025-04-01 19:02:00.000,,4e664e4e-9b41-4bc3-8a60-1f5e4a9f15a7.binning_data.json,62910031,13.027356,13.244707,2025-04-02 03:01:40.721,2025-04-02 03:01:40.721,,14.0977745,,1,1.01.04,UTC+0530,tFCCLQvz7k,,com.sec.android.app.shealth,2025-04-02 03:01:00.000,4e664e4e-9b41-4bc3-8a60-1f5e4a9f15a7,
62950051,2025-04-02 20:21:00.000,,5a4cd5f6-8fe2-4ee8-8c45-adb94da8d4dc.binning_data.json,62950051,13.448123,13.577106,2025-04-03 02:37:56.134,2025-04-03 02:37:56.134,,14.005123,,1,1.01.04,UTC+0530,tFCCLQvz7k,,com.sec.android.app.shealth,2025-04-03 02:37:00.000,5a4cd5f6-8fe2-4ee8-8c45-adb94da8d4dc,
62950051,2025-04-04 21:37:00.000,,464af006-74b5-4175-ace8-ee297dc8630c.binning_data.json,62950051,13.913334,13.857887,2025-04-05 03:48:11.301,2025-04-05 03:48:11.301,,13.903982,,1,1.01.04,UTC+0530,tFCCLQvz7k,,com.sec.android.app.shealth,2025-04-05 03:20:00.000,464af006-74b5-4175-ace8-ee297dc8630c,
62950051,2025-04-05 09:57:00.000,,41b5849b-b770-4fc4-a47e-210c9f1537fd.binning_data.json,62950051,13.981326,13.822807,2025-04-05 13:12:06.155,2025-04-05 13:12:06.155,,13.946974,,1,1.01.04,UTC+0530,tFCCLQvz7k,,com.sec.android.app.shealth,2025-04-05 12:45:00.000,41b5849b-b770-4fc4-a47e-210c9f1537fd,
62950051,2025-04-05 20:26:00.000,,024b5581-9877-4901-93e9-65b9993c5327.binning_data.json,62950051,13.405609,13.458909,2025-04-06 07:49:13.124,2025-04-06 07:49:13.124,,13.973443,,1,1.01.04,UTC+0530,tFCCLQvz7k,,com.sec.android.app.shealth,2025-04-06 05:56:00.000,024b5581-9877-4901-93e9-65b9993c5327,
62950051,2025-04-06 20:45:00.000,,348a5d3a-a6c5-4887-b39a-80726997190a.binning_data.json,62950051,14.044285,13.818529,2025-04-07 02:37:33.611,2025-04-07 02:37:33.611,,14.005432,,1,1.01.04,UTC+0530,tFCCLQvz7k,,com.sec.android.app.shealth,2025-04-07 02:37:00.000,348a5d3a-a6c5-4887-b39a-80726997190a,
62950051,2025-04-07 20:01:00.000,,c63dfefa-539c-4111-8299-85071d2ed500.binning_data.json,62950051,14.425344,13.762096,2025-04-08 03:44:54.578,2025-04-08 03:44:54.578,,14.422659,,1,1.01.04,UTC+0530,tFCCLQvz7k,,com.sec.android.app.shealth,2025-04-08 03:44:00.000,c63dfefa-539c-4111-8299-85071d2ed500,
62950051,2025-04-09 19:03:00.000,,5c5ed5bf-4f30-4e7c-916c-e6ab76392144.binning_data.json,62950051,13.960278,13.851453,2025-04-10 02:54:15.924,2025-04-10 02:54:15.924,,13.958531,,1,1.01.04,UTC+0530,tFCCLQvz7k,,com.sec.android.app.shealth,2025-04-10 02:47:00.000,5c5ed5bf-4f30-4e7c-916c-e6ab76392144,
62950051,2025-04-10 19:26:00.000,,37ecfa02-2e60-411e-9154-08a3b62eff8c.binning_data.json,62950051,13.18459,13.190258,2025-04-11 02:51:46.713,2025-04-11 02:51:46.713,,14.005959,,1,1.01.04,UTC+0530,tFCCLQvz7k,,com.sec.android.app.shealth,2025-04-11 02:51:00.000,37ecfa02-2e60-411e-9154-08a3b62eff8c,
62950051,2025-04-13 00:13:00.000,,0730ba79-3d23-4e51-9ee1-c3a030cc0f9a.binning_data.json,62950051,13.6868305,13.710021,2025-04-13 04:48:30.493,2025-04-13 04:48:30.493,,13.9280615,,1,1.01.04,UTC+0530,tFCCLQvz7k,,com.sec.android.app.shealth,2025-04-13 04:29:00.000,0730ba79-3d23-4e51-9ee1-c3a030cc0f9a,
62950051,2025-04-13 21:47:00.000,,a1f8274a-e2f8-418d-98c7-08d1cbcce699.binning_data.json,62950051,13.446156,13.427379,2025-04-14 06:30:18.533,2025-04-14 06:30:18.533,,13.940146,,0,1.01.04,UTC+0530,tFCCLQvz7k,,com.sec.android.app.shealth,2025-04-14 06:05:00.000,a1f8274a-e2f8-418d-98c7-08d1cbcce699,
62950051,2025-04-14 11:53:00.000,,3de6db01-deb6-4e53-b18d-02869c9a2fe9.binning_data.json,62950051,16.941221,12.196641,2025-04-14 13:35:46.339,2025-04-14 13:35:46.339,,16.207706,,1,1.01.04,UTC+0530,tFCCLQvz7k,,com.sec.android.app.shealth,2025-04-14 13:23:00.000,3de6db01-deb6-4e53-b18d-02869c9a2fe9,
62950051,2025-04-14 22:41:00.000,,ab136bec-37d0-4e44-9d2c-2ef6c37f8269.binning_data.json,62950051,13.827226,13.490328,2025-04-15 05:03:04.910,2025-04-15 05:03:04.910,,13.945208,,0,1.01.04,UTC+0530,tFCCLQvz7k,,com.sec.android.app.shealth,2025-04-15 04:54:00.000,ab136bec-37d0-4e44-9d2c-2ef6c37f8269,
62950051,2025-04-15 22:23:00.000,,86ed33a3-f714-4281-8f8c-1bd158807494.binning_data.json,62950051,12.913296,13.097374,2025-04-16 05:03:55.291,2025-04-16 05:03:55.291,,14.029179,,1,1.01.04,UTC+0530,tFCCLQvz7k,,com.sec.android.app.shealth,2025-04-16 04:58:00.000,86ed33a3-f714-4281-8f8c-1bd158807494,
62950051,2025-04-16 09:40:00.000,,09c42b09-7d13-4564-bc2e-03150419d129.binning_data.json,62950051,14.566446,13.358548,2025-04-16 13:51:03.069,2025-04-16 13:51:03.069,,14.292073,,1,1.01.04,UTC+0530,tFCCLQvz7k,,com.sec.android.app.shealth,2025-04-16 13:25:00.000,09c42b09-7d13-4564-bc2e-03150419d129,
62950051,2025-04-17 00:14:00.000,,86bb2885-2606-4e99-8006-16ea05b2b930.binning_data.json,62950051,14.093657,13.50818,2025-04-17 05:34:53.614,2025-04-17 05:34:53.614,,14.044457,,1,1.01.04,UTC+0530,tFCCLQvz7k,,com.sec.android.app.shealth,2025-04-17 05:09:00.000,86bb2885-2606-4e99-8006-16ea05b2b930,
62950051,2025-04-17 20:20:00.000,,799a2c10-0ed5-4678-b3e6-176e3408ac32.binning_data.json,62950051,13.817807,13.52948,2025-04-18 02:02:26.709,2025-04-18 02:02:26.709,,13.940977,,0,1.01.04,UTC+0530,tFCCLQvz7k,,com.sec.android.app.shealth,2025-04-18 01:37:00.000,799a2c10-0ed5-4678-b3e6-176e3408ac32,
62950051,2025-04-19 15:40:00.000,,592f16c4-e2cb-4f12-baa3-1ae8ef60e3b3.binning_data.json,62950051,14.760251,13.149847,2025-04-19 17:21:47.632,2025-04-19 17:21:47.632,,14.345579,,1,1.01.04,UTC+0530,tFCCLQvz7k,,com.sec.android.app.shealth,2025-04-19 16:56:00.000,592f16c4-e2cb-4f12-baa3-1ae8ef60e3b3,
62950051,2025-04-19 21:54:00.000,,f1dc5c8d-d310-41ce-8326-f7f6066ed21a.binning_data.json,62950051,14.543881,13.434234,2025-04-20 04:41:03.211,2025-04-20 04:41:03.211,,14.325614,,1,1.01.04,UTC+0530,tFCCLQvz7k,,com.sec.android.app.shealth,2025-04-20 04:31:00.000,f1dc5c8d-d310-41ce-8326-f7f6066ed21a,
62950051,2025-04-21 03:46:00.000,,1db39e98-b117-486a-8452-d0f79956991c.binning_data.json,62950051,14.008883,13.486102,2025-04-21 08:04:49.134,2025-04-21 08:04:49.134,,13.9797125,,1,1.01.04,UTC+0530,tFCCLQvz7k,,com.sec.android.app.shealth,2025-04-21 07:39:00.000,1db39e98-b117-486a-8452-d0f79956991c,
62950051,2025-04-22 07:16:00.000,,0e252d70-81a2-4aec-a055-71ec80eb2186.binning_data.json,62950051,14.760097,13.191805,2025-04-22 09:49:42.545,2025-04-22 09:49:42.545,,14.360001,,1,1.01.04,UTC+0530,tFCCLQvz7k,,com.sec.android.app.shealth,2025-04-22 09:44:00.000,0e252d70-81a2-4aec-a055-71ec80eb2186,
62950051,2025-04-22 22:37:00.000,,842e9d44-0a93-4bdf-ae4a-5c73c5df3c30.binning_data.json,62950051,12.838193,13.046631,2025-04-23 03:40:54.420,2025-04-23 03:40:54.420,,14.030331,,1,1.01.04,UTC+0530,tFCCLQvz7k,,com.sec.android.app.shealth,2025-04-23 03:35:00.000,842e9d44-0a93-4bdf-ae4a-5c73c5df3c30,
62950051,2025-04-24 00:11:00.000,,b9bfff55-e974-42de-b0e3-d2793ee3942f.binning_data.json,62950051,13.2022915,13.283468,2025-04-24 04:21:07.676,2025-04-24 04:21:07.676,,13.947674,,1,1.01.04,UTC+0530,tFCCLQvz7k,,com.sec.android.app.shealth,2025-04-24 04:16:00.000,b9bfff55-e974-42de-b0e3-d2793ee3942f,
62950051,2025-04-24 08:00:00.000,,d4769585-bb6d-48c8-8e34-220b4014c7fc.binning_data.json,62950051,14.066212,13.471881,2025-04-24 11:46:47.567,2025-04-24 11:46:47.567,,14.003787,,1,1.01.04,UTC+0530,tFCCLQvz7k,,com.sec.android.app.shealth,2025-04-24 11:32:00.000,d4769585-bb6d-48c8-8e34-220b4014c7fc,
62950051,2025-04-25 06:22:00.000,,62f3f63a-3547-4b03-b5a8-cf83a25fb55e.binning_data.json,62950051,15.068001,13.088503,2025-04-25 09:02:25.085,2025-04-25 09:02:25.085,,14.547884,,1,1.01.04,UTC+0530,tFCCLQvz7k,,com.sec.android.app.shealth,2025-04-25 08:49:00.000,62f3f63a-3547-4b03-b5a8-cf83a25fb55e,
62950051,2025-04-26 01:46:00.000,,acf116e3-ce35-45f4-a846-f793b6c9e08c.binning_data.json,62950051,14.01454,13.455482,2025-04-26 03:57:57.312,2025-04-26 03:57:57.312,,13.970897,,1,1.01.04,UTC+0530,tFCCLQvz7k,,com.sec.android.app.shealth,2025-04-26 03:52:00.000,acf116e3-ce35-45f4-a846-f793b6c9e08c,
62950051,2025-04-26 19:12:00.000,,c17d9f64-bb94-400b-b2ef-b848664fd495.binning_data.json,62950051,14.624435,13.394336,2025-04-27 03:20:28.292,2025-04-27 03:20:28.292,,14.469281,,1,1.01.04,UTC+0530,tFCCLQvz7k,,com.sec.android.app.shealth,2025-04-27 03:15:00.000,c17d9f64-bb94-400b-b2ef-b848664fd495,
62950051,2025-04-27 08:36:00.000,,a9225682-81e5-4dc3-b3f2-97453529b043.binning_data.json,62950051,14.21757,13.319612,2025-04-27 10:26:56.767,2025-04-27 10:26:56.767,,14.074973,,1,1.01.04,UTC+0530,tFCCLQvz7k,,com.sec.android.app.shealth,2025-04-27 10:21:00.000,a9225682-81e5-4dc3-b3f2-97453529b043,
62950051,2025-04-27 22:48:00.000,,ffc5e6bd-ae70-4c41-8dfb-2f62706d5cc1.binning_data.json,62950051,14.735833,13.255451,2025-04-28 03:37:18.198,2025-04-28 03:37:18.198,,14.467434,,1,1.01.04,UTC+0530,tFCCLQvz7k,,com.sec.android.app.shealth,2025-04-28 03:32:00.000,ffc5e6bd-ae70-4c41-8dfb-2f62706d5cc1,
62950051,2025-04-28 18:29:00.000,,1277f548-277c-4e46-b7e7-7000f84b6e22.binning_data.json,62950051,14.866191,12.997807,2025-04-28 20:03:14.133,2025-04-28 20:03:14.133,,14.46777,,1,1.01.04,UTC+0530,tFCCLQvz7k,,com.sec.android.app.shealth,2025-04-28 19:36:00.000,1277f548-277c-4e46-b7e7-7000f84b6e22,
62950051,2025-04-28 20:10:00.000,,57e0e944-110a-416c-b2f8-bb3bcc176697.binning_data.json,62950051,15.139907,12.931683,2025-04-28 22:30:05.525,2025-04-28 22:30:05.525,,14.665688,,1,1.01.04,UTC+0530,tFCCLQvz7k,,com.sec.android.app.shealth,2025-04-28 22:05:00.000,57e0e944-110a-416c-b2f8-bb3bcc176697,
62970091,2025-04-29 22:17:00.000,,a2bc83a9-e982-47a9-a6e5-d933e28d23b1.binning_data.json,62970091,13.61146,13.446265,2025-04-30 07:01:25.941,2025-04-30 07:01:25.941,,13.847901,,0,1.01.04,UTC+0530,tFCCLQvz7k,,com.sec.android.app.shealth,2025-04-30 07:01:00.000,a2bc83a9-e982-47a9-a6e5-d933e28d23b1,
62970091,2025-04-30 23:13:00.000,,f1b07463-04f0-420d-96d1-fe9278bd98ce.binning_data.json,62970091,13.157828,13.212018,2025-05-01 08:23:38.141,2025-05-01 08:23:38.141,,13.847814,,1,1.01.04,UTC+0530,tFCCLQvz7k,,com.sec.android.app.shealth,2025-05-01 07:58:00.000,f1b07463-04f0-420d-96d1-fe9278bd98ce,
62970091,2025-05-02 04:19:00.000,,730bf5d4-09ce-4254-843f-d85c28c2cfb1.binning_data.json,62970091,12.883377,13.115019,2025-05-02 08:44:42.924,2025-05-02 08:44:42.924,,13.986654,,1,1.01.04,UTC+0530,tFCCLQvz7k,,com.sec.android.app.shealth,2025-05-02 08:36:00.000,730bf5d4-09ce-4254-843f-d85c28c2cfb1,
62970091,2025-05-02 20:07:00.000,,1da918d4-6673-4538-9ad5-c9ae39e961fb.binning_data.json,62970091,14.320939,13.436285,2025-05-03 02:08:51.869,2025-05-03 02:08:51.869,,13.888357,,1,1.01.04,UTC+0530,tFCCLQvz7k,,com.sec.android.app.shealth,2025-05-03 02:03:00.000,1da918d4-6673-4538-9ad5-c9ae39e961fb,
62970091,2025-05-04 01:45:00.000,,85766bab-130e-42ba-9273-7a11abb0adf7.binning_data.json,62970091,13.466369,13.436285,2025-05-04 09:15:55.331,2025-05-04 09:15:55.331,,13.888357,,0,1.01.04,UTC+0530,tFCCLQvz7k,,com.sec.android.app.shealth,2025-05-04 09:10:00.000,85766bab-130e-42ba-9273-7a11abb0adf7,
62970091,2025-05-04 09:21:00.000,,f433e7d3-7f9b-47f4-9f1c-0b3999304336.binning_data.json,62970091,13.349316,13.436285,2025-05-04 10:34:38.866,2025-05-04 10:34:38.866,,13.888357,,1,1.01.04,UTC+0530,tFCCLQvz7k,,com.sec.android.app.shealth,2025-05-04 10:34:00.000,f433e7d3-7f9b-47f4-9f1c-0b3999304336,
62970091,2025-05-04 21:14:00.000,,af2e5cd3-a347-49af-b349-c617841f663e.binning_data.json,62970091,14.509779,13.436285,2025-05-05 04:25:07.784,2025-05-05 04:25:07.784,,13.888357,,1,1.01.04,UTC+0530,tFCCLQvz7k,,com.sec.android.app.shealth,2025-05-05 04:25:00.000,af2e5cd3-a347-49af-b349-c617841f663e,
62970091,2025-05-06 06:24:00.000,,88ddcf13-07e0-4555-bfaa-a63ab29d7ea6.binning_data.json,62970091,14.826041,13.436285,2025-05-06 10:59:44.906,2025-05-06 10:59:44.906,,13.888357,,1,1.01.04,UTC+0530,tFCCLQvz7k,,com.sec.android.app.shealth,2025-05-06 10:57:00.000,88ddcf13-07e0-4555-bfaa-a63ab29d7ea6,
62970091,2025-05-06 19:54:00.000,,256add63-4811-45f2-939c-28a869963c72.binning_data.json,62970091,14.668752,13.436285,2025-05-07 00:47:43.769,2025-05-07 00:47:43.769,,13.888357,,1,1.01.04,UTC+0530,tFCCLQvz7k,,com.sec.android.app.shealth,2025-05-07 00:47:00.000,256add63-4811-45f2-939c-28a869963c72,
62970091,2025-05-07 18:58:00.000,,f3cbbd3a-a4c7-4f80-ad6f-b6bae8af08e9.binning_data.json,62970091,14.497383,13.436285,2025-05-07 20:48:06.301,2025-05-07 20:48:06.301,,13.888357,,1,1.01.04,UTC+0530,tFCCLQvz7k,,com.sec.android.app.shealth,2025-05-07 20:43:00.000,f3cbbd3a-a4c7-4f80-ad6f-b6bae8af08e9,
62970091,2025-05-07 23:46:00.000,,ab5448d5-0a51-4db3-80e8-77f5a2777efb.binning_data.json,62970091,13.8412895,13.436285,2025-05-08 06:15:59.006,2025-05-08 06:15:59.006,,13.888357,,0,1.01.04,UTC+0530,tFCCLQvz7k,,com.sec.android.app.shealth,2025-05-08 06:13:00.000,ab5448d5-0a51-4db3-80e8-77f5a2777efb,
62970091,2025-05-09 00:32:00.000,,0638abec-37b8-4995-ac96-31a4a3db185e.binning_data.json,62970091,14.36087,13.436285,2025-05-09 06:19:44.789,2025-05-09 06:19:44.789,,13.888357,,1,1.01.04,UTC+0530,tFCCLQvz7k,,com.sec.android.app.shealth,2025-05-09 06:19:00.000,0638abec-37b8-4995-ac96-31a4a3db185e,
62970091,2025-05-09 06:30:00.000,,e7ebd7be-f127-4af4-8209-821e847c5823.binning_data.json,62970091,13.73486,13.436285,2025-05-09 07:56:36.180,2025-05-09 07:56:36.180,,13.888357,,0,1.01.04,UTC+0530,tFCCLQvz7k,,com.sec.android.app.shealth,2025-05-09 07:51:00.000,e7ebd7be-f127-4af4-8209-821e847c5823,
62970091,2025-05-10 01:20:00.000,,178a7360-b99a-4ca4-b235-bb6f557fd47d.binning_data.json,62970091,13.913939,13.436285,2025-05-10 06:47:45.773,2025-05-10 06:47:45.773,,13.888357,,1,1.01.04,UTC+0530,tFCCLQvz7k,,com.sec.android.app.shealth,2025-05-10 06:39:00.000,178a7360-b99a-4ca4-b235-bb6f557fd47d,
62970091,2025-05-11 01:26:00.000,,2441f5ee-5e33-4424-902e-3dc91dcf1709.binning_data.json,62970091,14.3455715,13.484133,2025-05-11 08:27:40.916,2025-05-11 08:27:40.916,,14.118977,,1,1.01.04,UTC+0530,tFCCLQvz7k,,com.sec.android.app.shealth,2025-05-11 08:22:00.000,2441f5ee-5e33-4424-902e-3dc91dcf1709,
62970091,2025-05-11 19:31:00.000,,6c858426-c6b0-4caf-8d80-4819c90f104f.binning_data.json,62970091,14.883516,13.244873,2025-05-11 23:03:57.608,2025-05-11 23:03:57.608,,14.338015,,1,1.01.04,UTC+0530,tFCCLQvz7k,,com.sec.android.app.shealth,2025-05-11 22:37:00.000,6c858426-c6b0-4caf-8d80-4819c90f104f,
62970091,2025-05-11 23:05:00.000,,e9ff6a6f-edfc-439f-afbe-64e22f0d5238.binning_data.json,62970091,15.429852,13.07048,2025-05-12 02:59:32.207,2025-05-12 02:59:32.207,,14.627792,,1,1.01.04,UTC+0530,tFCCLQvz7k,,com.sec.android.app.shealth,2025-05-12 02:34:00.000,e9ff6a6f-edfc-439f-afbe-64e22f0d5238,
62970091,2025-05-12 19:47:00.000,,5dae77c0-8cfb-463a-9043-07caf2e33464.binning_data.json,62970091,15.689818,12.787712,2025-05-12 22:05:04.804,2025-05-12 22:05:04.804,,14.772364,,1,1.01.04,UTC+0530,tFCCLQvz7k,,com.sec.android.app.shealth,2025-05-12 21:40:00.000,5dae77c0-8cfb-463a-9043-07caf2e33464,
62970091,2025-05-13 16:35:00.000,,a5d69f32-022b-4d20-a12b-ff93877adebf.binning_data.json,62970091,15.135229,13.166447,2025-05-13 21:28:11.917,2025-05-13 21:28:11.917,,14.557934,,1,1.01.04,UTC+0530,tFCCLQvz7k,,com.sec.android.app.shealth,2025-05-13 21:06:00.000,a5d69f32-022b-4d20-a12b-ff93877adebf,
62970091,2025-05-14 01:32:00.000,,962e92a5-05d0-48a9-bc51-6127dace0e72.binning_data.json,62970091,14.562735,13.25521,2025-05-14 03:23:19.736,2025-05-14 03:23:19.736,,14.177302,,1,1.01.04,UTC+0530,tFCCLQvz7k,,com.sec.android.app.shealth,2025-05-14 03:06:00.000,962e92a5-05d0-48a9-bc51-6127dace0e72,
62970091,2025-05-15 08:17:00.000,,5e8ba98a-5515-4433-b2c9-bb8c45cd4654.binning_data.json,62970091,12.707679,12.976214,2025-05-15 13:24:36.442,2025-05-15 13:24:36.442,,13.982053,,1,1.01.04,UTC+0530,tFCCLQvz7k,,com.sec.android.app.shealth,2025-05-15 13:18:00.000,5e8ba98a-5515-4433-b2c9-bb8c45cd4654,
62970091,2025-05-15 18:07:00.000,,e7e0de5f-11dd-4d1e-b00d-439a6a653ef0.binning_data.json,62970091,15.602159,12.755622,2025-05-16 01:08:46.120,2025-05-16 01:08:46.120,,14.824899,,1,1.01.04,UTC+0530,tFCCLQvz7k,,com.sec.android.app.shealth,2025-05-15 20:30:00.000,e7e0de5f-11dd-4d1e-b00d-439a6a653ef0,
62970091,2025-05-16 01:14:00.000,,c3b212f6-4891-454a-848d-f14cd8a585e3.binning_data.json,62970091,14.701697,13.107157,2025-05-16 03:11:22.625,2025-05-16 03:11:22.625,,14.279184,,1,1.01.04,UTC+0530,tFCCLQvz7k,,com.sec.android.app.shealth,2025-05-16 02:51:00.000,c3b212f6-4891-454a-848d-f14cd8a585e3,
62970091,2025-05-17 18:35:00.000,,b9f2cd2d-db3c-47d2-85f0-98ecd15b027b.binning_data.json,62970091,13.60016,13.462938,2025-05-18 03:24:11.725,2025-05-18 03:24:11.725,,13.788252,,0,1.01.04,UTC+0530,tFCCLQvz7k,,com.sec.android.app.shealth,2025-05-18 02:56:00.000,b9f2cd2d-db3c-47d2-85f0-98ecd15b027b,
62980011,2025-05-20 01:15:00.000,,01ac3506-f1c9-4f8b-928b-28fadfd49bd7.binning_data.json,62980011,14.893484,13.038351,2025-05-20 03:01:50.376,2025-05-20 03:01:50.376,,14.3152275,,1,1.01.04,UTC+0530,tFCCLQvz7k,,com.sec.android.app.shealth,2025-05-20 02:31:00.000,01ac3506-f1c9-4f8b-928b-28fadfd49bd7,
62980011,2025-05-20 23:02:00.000,,b056fda0-f30e-40b5-acb0-7f0c26eaab3b.binning_data.json,62980011,13.451034,13.418663,2025-05-21 06:20:35.476,2025-05-21 06:20:35.476,,13.769352,,0,1.01.04,UTC+0530,tFCCLQvz7k,,com.sec.android.app.shealth,2025-05-21 05:56:00.000,b056fda0-f30e-40b5-acb0-7f0c26eaab3b,
62980011,2025-05-21 20:21:00.000,,54de75fe-c503-4f77-b6b8-658c1e4ccae0.binning_data.json,62980011,13.741014,13.44164,2025-05-22 02:36:01.977,2025-05-22 02:36:01.977,,13.784038,,0,1.01.04,UTC+0530,tFCCLQvz7k,,com.sec.android.app.shealth,2025-05-22 02:24:00.000,54de75fe-c503-4f77-b6b8-658c1e4ccae0,
62980011,2025-05-23 20:53:00.000,,9004d5a0-af7b-4de1-87b8-ea1e2f138230.binning_data.json,62980011,15.610638,13.434791,2025-05-24 01:54:20.857,2025-05-24 01:54:20.857,,13.821744,,1,1.01.04,UTC+0530,tFCCLQvz7k,,com.sec.android.app.shealth,2025-05-24 01:27:00.000,9004d5a0-af7b-4de1-87b8-ea1e2f138230,
62980011,2025-05-24 02:05:00.000,,9841af76-c7ab-47bc-b336-0fe33e981295.binning_data.json,62980011,19.04732,13.434791,2025-05-24 03:12:35.277,2025-05-24 03:12:35.277,,13.821744,,1,1.01.04,UTC+0530,tFCCLQvz7k,,com.sec.android.app.shealth,2025-05-24 03:07:00.000,9841af76-c7ab-47bc-b336-0fe33e981295,
62980011,2025-05-24 19:33:00.000,,ba9d4f0c-f9e8-40c8-b0da-65cdf7edf48c.binning_data.json,62980011,14.815283,13.456237,2025-05-24 23:19:44.560,2025-05-24 23:19:44.560,,13.813256,,1,1.01.04,UTC+0530,tFCCLQvz7k,,com.sec.android.app.shealth,2025-05-24 23:13:00.000,ba9d4f0c-f9e8-40c8-b0da-65cdf7edf48c,
62980011,2025-05-26 22:05:00.000,,a8aad213-9c7c-44d2-8855-12b84312b99e.binning_data.json,62980011,14.048458,13.456237,2025-05-27 03:36:06.008,2025-05-27 03:36:06.008,,13.813256,,1,1.01.04,UTC+0530,tFCCLQvz7k,,com.sec.android.app.shealth,2025-05-27 03:30:00.000,a8aad213-9c7c-44d2-8855-12b84312b99e,
62980011,2025-05-27 21:38:00.000,,b76eda18-b110-4ff1-85a7-cd8b63bb371b.binning_data.json,62980011,12.844134,13.446679,2025-05-28 02:31:50.952,2025-05-28 02:31:50.952,,13.849481,,1,1.01.04,UTC+0530,tFCCLQvz7k,,com.sec.android.app.shealth,2025-05-28 02:07:00.000,b76eda18-b110-4ff1-85a7-cd8b63bb371b,
62980011,2025-05-29 03:00:00.000,,b4bd9db0-5df1-494f-a85c-f673e444421b.binning_data.json,62980011,13.447162,13.446679,2025-05-29 10:56:33.549,2025-05-29 10:56:33.549,,13.849481,,0,1.01.04,UTC-0600,tFCCLQvz7k,,com.sec.android.app.shealth,2025-05-29 10:50:00.000,b4bd9db0-5df1-494f-a85c-f673e444421b,
62980011,2025-05-30 04:33:00.000,,2a5126b5-5599-41ba-9cca-ea135018f637.binning_data.json,62980011,12.735907,13.446679,2025-05-30 11:16:45.692,2025-05-30 11:16:45.692,,13.849481,,1,1.01.04,UTC-0600,tFCCLQvz7k,,com.sec.android.app.shealth,2025-05-30 11:16:00.000,2a5126b5-5599-41ba-9cca-ea135018f637,
62980011,2025-05-30 11:44:00.000,,383149b5-548f-49ce-b87c-cb4b377ecfbd.binning_data.json,62980011,15.338286,13.446679,2025-05-30 12:33:15.195,2025-05-30 12:33:15.195,,13.849481,,1,1.01.04,UTC-0600,tFCCLQvz7k,,com.sec.android.app.shealth,2025-05-30 12:33:00.000,383149b5-548f-49ce-b87c-cb4b377ecfbd,
62980011,2025-05-31 04:15:00.000,,61b6e7e1-fe25-4100-bb65-b1e7e056fbf3.binning_data.json,62980011,14.249589,13.387068,2025-05-31 11:27:19.457,2025-05-31 11:27:19.457,,14.0271015,,1,1.01.04,UTC-0600,tFCCLQvz7k,,com.sec.android.app.shealth,2025-05-31 11:22:00.000,61b6e7e1-fe25-4100-bb65-b1e7e056fbf3,
62980011,2025-06-01 05:34:00.000,,87c8343b-a80e-459b-aca7-930f8ec9e3f1.binning_data.json,62980011,12.949321,13.140933,2025-06-01 13:38:55.745,2025-06-01 13:38:55.745,,13.8434515,,1,1.01.04,UTC-0600,tFCCLQvz7k,,com.sec.android.app.shealth,2025-06-01 13:10:00.000,87c8343b-a80e-459b-aca7-930f8ec9e3f1,
62980011,2025-06-02 04:01:00.000,,d4a6d5b2-276a-4659-a7c2-5af2bf62c14e.binning_data.json,62980011,13.249289,13.5793495,2025-06-02 12:41:23.086,2025-06-02 12:41:23.086,,13.831129,,1,1.01.04,UTC-0600,tFCCLQvz7k,,com.sec.android.app.shealth,2025-06-02 12:15:00.000,d4a6d5b2-276a-4659-a7c2-5af2bf62c14e,
62980011,2025-06-03 05:22:00.000,,fc9ea169-2777-4fd7-8b98-2510218a6f76.binning_data.json,62980011,13.486479,13.5793495,2025-06-03 08:48:41.035,2025-06-03 08:48:41.035,,13.831129,,1,1.01.04,UTC-0600,tFCCLQvz7k,,com.sec.android.app.shealth,2025-06-03 08:43:00.000,fc9ea169-2777-4fd7-8b98-2510218a6f76,
62980011,2025-06-03 08:54:00.000,,2b6147f7-6850-4148-8fcf-58da0f598b34.binning_data.json,62980011,12.877797,13.5793495,2025-06-03 12:30:53.186,2025-06-03 12:30:53.186,,13.831129,,1,1.01.04,UTC-0600,tFCCLQvz7k,,com.sec.android.app.shealth,2025-06-03 12:30:00.000,2b6147f7-6850-4148-8fcf-58da0f598b34,
62980011,2025-06-03 12:41:00.000,,3c1f614c-fdfd-43dc-9fc7-2977783f9a55.binning_data.json,62980011,0.0,0.0,2025-06-03 12:49:05.237,2025-06-03 12:49:05.237,,0.0,,0,1.01.04,UTC-0600,tFCCLQvz7k,,com.sec.android.app.shealth,2025-06-03 12:44:00.000,3c1f614c-fdfd-43dc-9fc7-2977783f9a55,
62980011,2025-06-04 08:00:00.000,,27125bd3-6550-42d3-a247-61ab54dc176f.binning_data.json,62980011,13.4424095,13.38174,2025-06-04 11:54:28.573,2025-06-04 11:54:28.573,,13.713563,,0,1.01.04,UTC-0600,tFCCLQvz7k,,com.sec.android.app.shealth,2025-06-04 11:30:00.000,27125bd3-6550-42d3-a247-61ab54dc176f,
62980011,2025-06-05 04:42:00.000,,bfbe8c72-2c0e-4136-b51c-625a9d723fac.binning_data.json,62980011,13.408922,13.36819,2025-06-05 12:07:31.877,2025-06-05 12:07:31.877,,13.663203,,0,1.01.04,UTC-0600,tFCCLQvz7k,,com.sec.android.app.shealth,2025-06-05 12:07:00.000,bfbe8c72-2c0e-4136-b51c-625a9d723fac,
62980011,2025-06-06 06:05:00.000,,b316ff8d-5829-4c9f-ab79-af0450c926f7.binning_data.json,62980011,13.088312,13.4402,2025-06-06 11:34:06.493,2025-06-06 11:34:06.493,,13.737016,,1,1.01.04,UTC-0600,tFCCLQvz7k,,com.sec.android.app.shealth,2025-06-06 11:34:00.000,b316ff8d-5829-4c9f-ab79-af0450c926f7,
62980011,2025-06-06 11:59:00.000,,df76c1c7-e0c0-4554-ae43-e825ddf3dcc6.binning_data.json,62980011,14.673584,13.4402,2025-06-06 12:44:17.973,2025-06-06 12:44:17.973,,13.737016,,1,1.01.04,UTC-0600,tFCCLQvz7k,,com.sec.android.app.shealth,2025-06-06 12:20:00.000,df76c1c7-e0c0-4554-ae43-e825ddf3dcc6,
62980011,2025-06-06 20:47:00.000,,9a3cdec5-f528-47dd-9902-8909ea9865b5.binning_data.json,62980011,16.1763,13.4402,2025-06-06 23:05:02.547,2025-06-06 23:05:02.547,,13.737016,,1,1.01.04,UTC-0600,tFCCLQvz7k,,com.sec.android.app.shealth,2025-06-06 22:59:00.000,9a3cdec5-f528-47dd-9902-8909ea9865b5,
62980011,2025-06-07 06:00:00.000,,143b56c6-c7d9-4e9f-ac3e-ab26ae3e0761.binning_data.json,62980011,14.119595,13.4402,2025-06-07 13:25:31.069,2025-06-07 13:25:31.069,,13.737016,,1,1.01.04,UTC-0600,tFCCLQvz7k,,com.sec.android.app.shealth,2025-06-07 13:00:00.000,143b56c6-c7d9-4e9f-ac3e-ab26ae3e0761,
62980011,2025-06-08 05:35:00.000,,d5f4b045-7466-4c00-a631-6539d881f7c8.binning_data.json,62980011,14.428968,13.4402,2025-06-08 13:24:19.829,2025-06-08 13:24:19.829,,13.737016,,1,1.01.04,UTC-0600,tFCCLQvz7k,,com.sec.android.app.shealth,2025-06-08 13:24:00.000,d5f4b045-7466-4c00-a631-6539d881f7c8,
62980011,2025-06-09 11:54:00.000,,5da35c05-8869-4ab4-b5a1-14f576888b0a.binning_data.json,62980011,14.034728,13.4402,2025-06-09 13:23:42.361,2025-06-09 13:23:42.361,,13.737016,,1,1.01.04,UTC-0600,tFCCLQvz7k,,com.sec.android.app.shealth,2025-06-09 12:58:00.000,5da35c05-8869-4ab4-b5a1-14f576888b0a,
62980011,2025-06-09 20:39:00.000,,aedbda01-f4b3-4c64-bcc6-04cfc1e58539.binning_data.json,62980011,14.209688,13.4402,2025-06-10 00:55:32.747,2025-06-10 00:55:32.747,,13.737016,,1,1.01.04,UTC-0600,tFCCLQvz7k,,com.sec.android.app.shealth,2025-06-10 00:55:00.000,aedbda01-f4b3-4c64-bcc6-04cfc1e58539,
62980011,2025-06-10 06:35:00.000,,859527c6-bcc5-46eb-82b4-220dfdef588b.binning_data.json,62980011,13.7715225,13.4402,2025-06-10 12:41:12.114,2025-06-10 12:41:12.114,,13.737016,,1,1.01.04,UTC-0600,tFCCLQvz7k,,com.sec.android.app.shealth,2025-06-10 12:28:00.000,859527c6-bcc5-46eb-82b4-220dfdef588b,
62980011,2025-06-11 06:58:00.000,,7d09f43c-bf52-4e74-84e3-d2cd0510d9a1.binning_data.json,62980011,12.657259,13.4402,2025-06-11 13:07:16.569,2025-06-11 13:07:16.569,,13.737016,,1,1.01.04,UTC-0600,tFCCLQvz7k,,com.sec.android.app.shealth,2025-06-11 13:02:00.000,7d09f43c-bf52-4e74-84e3-d2cd0510d9a1,
62980011,2025-06-13 05:05:00.000,,3aa951ff-2818-4ccc-bd74-a2e626734a2d.binning_data.json,62980011,13.277992,13.398463,2025-06-13 14:28:10.404,2025-06-13 14:28:10.404,,13.70291,,1,1.01.04,UTC-0600,tFCCLQvz7k,,com.sec.android.app.shealth,2025-06-13 14:02:00.000,3aa951ff-2818-4ccc-bd74-a2e626734a2d,
62980011,2025-06-14 10:54:00.000,,a3c078af-0840-40cd-8469-a3dcb29ce1b4.binning_data.json,62980011,13.121243,13.357166,2025-06-14 15:56:05.711,2025-06-14 15:56:05.711,,13.703547,,1,1.01.04,UTC-0600,tFCCLQvz7k,,com.sec.android.app.shealth,2025-06-14 15:37:00.000,a3c078af-0840-40cd-8469-a3dcb29ce1b4,
62980011,2025-06-15 04:14:00.000,,1f770977-df3f-471d-b033-0a88cb0d6e7e.binning_data.json,62980011,13.268648,13.357166,2025-06-15 14:42:36.835,2025-06-15 14:42:36.835,,13.703547,,1,1.01.04,UTC-0600,tFCCLQvz7k,,com.sec.android.app.shealth,2025-06-15 14:17:00.000,1f770977-df3f-471d-b033-0a88cb0d6e7e,
62980011,2025-06-16 00:12:00.000,,f5147894-8417-4880-97af-00cdfbb71e69.binning_data.json,62980011,14.48339,13.357166,2025-06-16 03:04:44.594,2025-06-16 03:04:44.594,,13.703547,,1,1.01.04,UTC-0600,tFCCLQvz7k,,com.sec.android.app.shealth,2025-06-16 02:52:00.000,f5147894-8417-4880-97af-00cdfbb71e69,
62980011,2025-06-16 08:16:00.000,,48971e10-79c4-459a-a1cb-442ecb30fbe3.binning_data.json,62980011,13.569166,13.357166,2025-06-16 14:41:11.245,2025-06-16 14:41:11.245,,13.703547,,0,1.01.04,UTC-0600,tFCCLQvz7k,,com.sec.android.app.shealth,2025-06-16 14:13:00.000,48971e10-79c4-459a-a1cb-442ecb30fbe3,
62980011,2025-06-17 06:26:00.000,,065bf0a4-adc8-4d29-bbf0-df79ae690ce2.binning_data.json,62980011,13.659677,13.387749,2025-06-17 13:06:53.677,2025-06-17 13:06:53.677,,13.695345,,0,1.01.04,UTC-0600,tFCCLQvz7k,,com.sec.android.app.shealth,2025-06-17 12:53:00.000,065bf0a4-adc8-4d29-bbf0-df79ae690ce2,
62980011,2025-06-18 05:58:00.000,,d8827beb-508b-4ffb-8c5c-8bdbd9db2d98.binning_data.json,62980011,13.865484,13.37201,2025-06-18 13:06:22.323,2025-06-18 13:06:22.323,,13.770915,,1,1.01.04,UTC-0600,tFCCLQvz7k,,com.sec.android.app.shealth,2025-06-18 12:59:00.000,d8827beb-508b-4ffb-8c5c-8bdbd9db2d98,
62980011,2025-06-19 05:49:00.000,,c0624a29-2074-4076-80d7-aee66a07dcf5.binning_data.json,62980011,12.630427,12.920957,2025-06-19 12:57:51.202,2025-06-19 12:57:51.202,,13.765212,,1,1.01.04,UTC-0600,tFCCLQvz7k,,com.sec.android.app.shealth,2025-06-19 12:49:00.000,c0624a29-2074-4076-80d7-aee66a07dcf5,
62980011,2025-06-20 05:30:00.000,,9f915f97-bd3c-4a9d-986d-b2477fe8d662.binning_data.json,62980011,13.411849,13.409943,2025-06-20 12:47:40.797,2025-06-20 12:47:40.797,,13.452658,,0,1.01.04,UTC-0600,tFCCLQvz7k,,com.sec.android.app.shealth,2025-06-20 12:47:00.000,9f915f97-bd3c-4a9d-986d-b2477fe8d662,
62980011,2025-06-20 21:52:00.000,,2e259643-e8de-4531-9ca5-0ed17f2128e6.binning_data.json,62980011,14.963579,13.409943,2025-06-21 00:08:36.575,2025-06-21 00:08:36.575,,13.452658,,1,1.01.04,UTC-0600,tFCCLQvz7k,,com.sec.android.app.shealth,2025-06-20 23:40:00.000,2e259643-e8de-4531-9ca5-0ed17f2128e6,
62980011,2025-06-21 07:57:00.000,,a54547e9-5063-4814-96a5-be7cfda44373.binning_data.json,62980011,13.0031,13.409943,2025-06-21 14:15:38.955,2025-06-21 14:15:38.955,,13.452658,,1,1.01.04,UTC-0600,tFCCLQvz7k,,com.sec.android.app.shealth,2025-06-21 13:47:00.000,a54547e9-5063-4814-96a5-be7cfda44373,
62980011,2025-06-21 23:17:00.000,,74f91396-eb89-40e4-b5fc-8fbe2226e759.binning_data.json,62980011,14.1753645,13.409943,2025-06-22 01:33:34.649,2025-06-22 01:33:34.649,,13.452658,,1,1.01.04,UTC-0600,tFCCLQvz7k,,com.sec.android.app.shealth,2025-06-22 01:01:00.000,74f91396-eb89-40e4-b5fc-8fbe2226e759,
62980011,2025-06-22 12:09:00.000,,4e509159-f4c8-4603-a324-f3bad5a44b12.binning_data.json,62980011,13.308973,13.409943,2025-06-22 17:25:31.045,2025-06-22 17:25:31.045,,13.452658,,1,1.01.04,UTC-0600,tFCCLQvz7k,,com.sec.android.app.shealth,2025-06-22 17:15:00.000,4e509159-f4c8-4603-a324-f3bad5a44b12,
62980011,2025-06-24 06:28:00.000,,84dbb19f-8c01-436c-b885-79cfc02516b0.binning_data.json,62980011,13.37457,13.409943,2025-06-24 13:08:12.420,2025-06-24 13:08:12.420,,13.452658,,1,1.01.04,UTC-0600,tFCCLQvz7k,,com.sec.android.app.shealth,2025-06-24 13:03:00.000,84dbb19f-8c01-436c-b885-79cfc02516b0,
62980011,2025-06-25 06:29:00.000,,6eaca8a5-2d85-43c3-b1e4-6fb00ca7cafa.binning_data.json,62980011,13.336106,13.331738,2025-06-25 13:13:13.897,2025-06-25 13:13:13.897,,13.604943,,0,1.01.04,UTC-0600,tFCCLQvz7k,,com.sec.android.app.shealth,2025-06-25 13:01:00.000,6eaca8a5-2d85-43c3-b1e4-6fb00ca7cafa,
62980011,2025-06-26 05:51:00.000,,d253d259-d518-46a0-b4ce-c8fd4155fcb3.binning_data.json,62980011,13.060453,13.180967,2025-06-26 13:09:53.935,2025-06-26 13:09:53.935,,13.621384,,1,1.01.04,UTC-0600,tFCCLQvz7k,,com.sec.android.app.shealth,2025-06-26 13:04:00.000,d253d259-d518-46a0-b4ce-c8fd4155fcb3,
62980011,2025-06-27 06:01:00.000,,ef5db17f-cd71-40bf-a9ab-13a9d5ac4587.binning_data.json,62980011,13.343602,13.308696,2025-06-27 13:50:20.855,2025-06-27 13:50:20.855,,13.585542,,0,1.01.04,UTC-0600,tFCCLQvz7k,,com.sec.android.app.shealth,2025-06-27 13:50:00.000,ef5db17f-cd71-40bf-a9ab-13a9d5ac4587,
62980011,2025-06-28 07:23:00.000,,9ffae9fe-aef2-4a93-8397-edcfb6d7cb8c.binning_data.json,62980011,13.783649,13.29296,2025-06-28 12:42:31.511,2025-06-28 12:42:31.511,,13.670533,,1,1.01.04,UTC-0600,tFCCLQvz7k,,com.sec.android.app.shealth,2025-06-28 12:37:00.000,9ffae9fe-aef2-4a93-8397-edcfb6d7cb8c,
62980011,2025-06-29 06:23:00.000,,41bca831-9f27-4404-87ff-edc655cee4de.binning_data.json,62980011,13.104619,13.202509,2025-06-29 14:07:26.803,2025-06-29 14:07:26.803,,13.590979,,1,1.01.04,UTC-0600,tFCCLQvz7k,,com.sec.android.app.shealth,2025-06-29 13:40:00.000,41bca831-9f27-4404-87ff-edc655cee4de,
62980011,2025-06-30 06:29:00.000,,62abd443-c9cf-477a-9ce5-df09802a8471.binning_data.json,62980011,13.184136,13.237108,2025-06-30 14:14:38.430,2025-06-30 14:14:38.430,,13.579329,,1,1.01.04,UTC-0600,tFCCLQvz7k,,com.sec.android.app.shealth,2025-06-30 13:49:00.000,62abd443-c9cf-477a-9ce5-df09802a8471,
62981051,2025-07-01 06:18:00.000,,dd4bfec1-0d75-4e47-93cd-da23ce203a3f.binning_data.json,62981051,13.74375,13.3025255,2025-07-01 13:30:40.462,2025-07-01 13:30:40.462,,13.677232,,1,1.01.04,UTC-0600,tFCCLQvz7k,,com.sec.android.app.shealth,2025-07-01 13:08:00.000,dd4bfec1-0d75-4e47-93cd-da23ce203a3f,
62981051,2025-07-02 06:29:00.000,,b4d7f33f-ca48-4029-bb11-4cfd69ae41fd.binning_data.json,62981051,14.285339,13.091285,2025-07-02 09:21:54.220,2025-07-02 09:21:54.220,,13.938666,,1,1.01.04,UTC-0600,tFCCLQvz7k,,com.sec.android.app.shealth,2025-07-02 08:56:00.000,b4d7f33f-ca48-4029-bb11-4cfd69ae41fd,
62981051,2025-07-02 10:16:00.000,,c8c220c3-589a-47a3-957d-31fa07c15c0e.binning_data.json,62981051,14.111598,13.152227,2025-07-02 13:15:13.211,2025-07-02 13:15:13.211,,13.847202,,1,1.01.04,UTC-0600,tFCCLQvz7k,,com.sec.android.app.shealth,2025-07-02 13:10:00.000,c8c220c3-589a-47a3-957d-31fa07c15c0e,
62981051,2025-07-03 05:51:00.000,,df585d72-1eb5-4156-80ec-5114dbecdf51.binning_data.json,62981051,13.505185,13.315831,2025-07-03 13:07:24.726,2025-07-03 13:07:24.726,,13.612683,,0,1.01.04,UTC-0600,tFCCLQvz7k,,com.sec.android.app.shealth,2025-07-03 13:07:00.000,df585d72-1eb5-4156-80ec-5114dbecdf51,
62981051,2025-07-04 12:17:00.000,,0facdc65-3c03-4dbf-af38-ea521322921f.binning_data.json,62981051,13.494871,13.3291855,2025-07-04 16:53:19.784,2025-07-04 16:53:19.784,,13.60498,,0,1.01.04,UTC-0600,tFCCLQvz7k,,com.sec.android.app.shealth,2025-07-04 16:27:00.000,0facdc65-3c03-4dbf-af38-ea521322921f,
62981051,2025-07-05 07:18:00.000,,c88b752e-5894-4f4e-aeb1-7f4df0788aaf.binning_data.json,62981051,13.86666,13.411645,2025-07-05 13:05:11.946,2025-07-05 13:05:11.946,,13.66822,,1,1.01.04,UTC-0600,tFCCLQvz7k,,com.sec.android.app.shealth,2025-07-05 12:53:00.000,c88b752e-5894-4f4e-aeb1-7f4df0788aaf,
62981051,2025-07-07 08:09:00.000,,5429be9f-3f6c-4c50-aac9-8e74d35a41d4.binning_data.json,62981051,13.693632,13.411645,2025-07-07 15:19:59.712,2025-07-07 15:19:59.712,,13.66822,,1,1.01.04,UTC-0600,tFCCLQvz7k,,com.sec.android.app.shealth,2025-07-07 14:50:00.000,5429be9f-3f6c-4c50-aac9-8e74d35a41d4,
62981051,2025-07-08 06:49:00.000,,330c22b2-e2bc-47d6-b097-efbeee8c515b.binning_data.json,62981051,14.118279,13.411645,2025-07-08 13:16:35.084,2025-07-08 13:16:35.084,,13.66822,,1,1.01.04,UTC-0600,tFCCLQvz7k,,com.sec.android.app.shealth,2025-07-08 13:16:00.000,330c22b2-e2bc-47d6-b097-efbeee8c515b,
62981051,2025-07-09 06:38:00.000,,6dcd31d0-1c9a-49db-8cbb-268a59cab29a.binning_data.json,62981051,14.506091,13.411645,2025-07-09 13:24:38.515,2025-07-09 13:24:38.515,,13.66822,,1,1.01.04,UTC-0600,tFCCLQvz7k,,com.sec.android.app.shealth,2025-07-09 13:12:00.000,6dcd31d0-1c9a-49db-8cbb-268a59cab29a,
62981051,2025-07-10 08:31:00.000,,4b32e732-64b4-4c76-baa1-676f538955d8.binning_data.json,62981051,13.710588,13.411645,2025-07-10 12:18:50.288,2025-07-10 12:18:50.288,,13.66822,,1,1.01.04,UTC-0600,tFCCLQvz7k,,com.sec.android.app.shealth,2025-07-10 12:13:00.000,4b32e732-64b4-4c76-baa1-676f538955d8,
62981051,2025-07-11 05:22:00.000,,4dca3e8e-7b27-4a28-8952-612096b36098.binning_data.json,62981051,13.398367,13.329172,2025-07-11 12:03:45.949,2025-07-11 12:03:45.949,,13.647644,,0,1.01.04,UTC-0600,tFCCLQvz7k,,com.sec.android.app.shealth,2025-07-11 12:03:00.000,4dca3e8e-7b27-4a28-8952-612096b36098,
62981051,2025-07-12 06:08:00.000,,8bb209c2-cec9-4bd8-9085-edc922bc4dc5.binning_data.json,62981051,13.941767,13.329172,2025-07-12 12:05:04.309,2025-07-12 12:05:04.309,,13.647644,,1,1.01.04,UTC-0600,tFCCLQvz7k,,com.sec.android.app.shealth,2025-07-12 12:04:00.000,8bb209c2-cec9-4bd8-9085-edc922bc4dc5,
62981051,2025-07-13 06:12:00.000,,7b23b036-1066-489c-a34b-e9f1e2114ced.binning_data.json,62981051,13.291956,13.294601,2025-07-13 13:03:59.099,2025-07-13 13:03:59.099,,13.617201,,1,1.01.04,UTC-0600,tFCCLQvz7k,,com.sec.android.app.shealth,2025-07-13 13:03:00.000,7b23b036-1066-489c-a34b-e9f1e2114ced,
62981051,2025-07-13 13:45:00.000,,cc3979dc-38c1-4c2a-9ca6-c5b53e8c5e73.binning_data.json,62981051,14.214282,13.265533,2025-07-13 15:15:27.771,2025-07-13 15:15:27.771,,13.594721,,1,1.01.04,UTC-0600,tFCCLQvz7k,,com.sec.android.app.shealth,2025-07-13 14:45:00.000,cc3979dc-38c1-4c2a-9ca6-c5b53e8c5e73,
62981051,2025-07-13 23:25:00.000,,e31216cb-14c9-4c37-b822-d7f5256c55b7.binning_data.json,62981051,14.523908,13.265533,2025-07-14 01:04:44.584,2025-07-14 01:04:44.584,,13.594721,,1,1.01.04,UTC-0600,tFCCLQvz7k,,com.sec.android.app.shealth,2025-07-14 00:40:00.000,e31216cb-14c9-4c37-b822-d7f5256c55b7,
62981051,2025-07-14 09:31:00.000,,4d8a5a29-3d4e-4709-a10a-76260bfbd974.binning_data.json,62981051,14.010767,13.321577,2025-07-14 14:54:50.452,2025-07-14 14:54:50.452,,13.406773,,1,1.01.04,UTC-0600,tFCCLQvz7k,,com.sec.android.app.shealth,2025-07-14 14:27:00.000,4d8a5a29-3d4e-4709-a10a-76260bfbd974,
62981051,2025-07-14 20:39:00.000,,d62bf552-a4ed-4a48-8a51-72fdff68514b.binning_data.json,62981051,13.752948,13.321577,2025-07-14 23:44:42.157,2025-07-14 23:44:42.157,,13.406773,,1,1.01.04,UTC-0600,tFCCLQvz7k,,com.sec.android.app.shealth,2025-07-14 23:20:00.000,d62bf552-a4ed-4a48-8a51-72fdff68514b,
62981051,2025-07-15 06:40:00.000,,40267730-13cd-426c-b43e-75d3d0825e15.binning_data.json,62981051,14.419424,13.321577,2025-07-15 13:12:51.933,2025-07-15 13:12:51.933,,13.406773,,1,1.01.04,UTC-0600,tFCCLQvz7k,,com.sec.android.app.shealth,2025-07-15 13:12:00.000,40267730-13cd-426c-b43e-75d3d0825e15,
62981051,2025-07-16 04:30:00.000,,0cda6c32-e098-4e9b-8cc2-dca7076c2b4d.binning_data.json,62981051,13.860453,13.321577,2025-07-16 13:10:27.641,2025-07-16 13:10:27.641,,13.406773,,1,1.01.04,UTC-0600,tFCCLQvz7k,,com.sec.android.app.shealth,2025-07-16 13:10:00.000,0cda6c32-e098-4e9b-8cc2-dca7076c2b4d,
62981051,2025-07-17 06:59:00.000,,fb2627e7-b1be-438e-89ae-47ea33c6f517.binning_data.json,62981051,13.905091,13.244222,2025-07-17 13:04:39.175,2025-07-17 13:04:39.175,,13.729825,,1,1.01.04,UTC-0600,tFCCLQvz7k,,com.sec.android.app.shealth,2025-07-17 13:04:00.000,fb2627e7-b1be-438e-89ae-47ea33c6f517,
62981551,2025-07-18 06:39:00.000,,627b3152-64ad-4a8f-abcb-35b6c15d5c8a.binning_data.json,62981551,13.751222,13.296556,2025-07-18 14:12:55.106,2025-07-18 14:12:55.106,,13.491564,,1,1.01.04,UTC-0600,tFCCLQvz7k,,com.sec.android.app.shealth,2025-07-18 14:12:00.000,627b3152-64ad-4a8f-abcb-35b6c15d5c8a,
