com.samsung.health.nutrition,6302031,6
magnesium,potassium,create_sh_ver,vitamin_a,vitamin_c,vitamin_d,vitamin_e,vitamin_k,cholesterol,vitamin_b12,start_time,biotin,phosphorus,copper,custom,thiamin,folate,iodine,niacin,sodium,molybdenum,folic_acid,modify_sh_ver,dietary_fiber,total_fat,update_time,create_time,meal_type,caffeine,monosaturated_fat,protein,manganese,polysaturated_fat,iron,zinc,riboflavin,sugar,title,added_sugar,calories_from_fat,calcium,calorie,time_offset,deviceuuid,polyunsaturated_fat,saturated_fat,trans_fat,pkg_name,selenium,vitamin_b6,carbohydrate,unsaturated_fat,chloride,pantothenic_acid,datauuid,chromium
,0.0,62900750,0.0,0.0,0.0,,,0.0,,2025-01-28 02:30:00.000,,,,,,,,,0.0,,,62900750,0.0,0.0,2025-02-04 13:17:27.326,2025-01-28 18:11:52.308,100001,,0.0,0.0,,0.0,0.0,,,0.0,Breakfast,0.0,,0.0,616.0,UTC+0530,3QItrwNcp5,,0.0,0.0,com.sec.android.app.shealth,,,0.0,,,,715c2d40-9277-40e9-b8f8-64367dfdab2d,,
,0.0,62900750,0.0,0.0,0.0,,,0.0,,2025-01-28 06:30:00.000,,,,,,,,,0.0,,,62900750,0.0,0.0,2025-02-04 13:17:27.328,2025-01-28 18:12:55.563,100002,,0.0,0.0,,0.0,0.0,,,0.0,Lunch,0.0,,0.0,576.0,UTC+0530,3QItrwNcp5,,0.0,0.0,com.sec.android.app.shealth,,,0.0,,,,212a5061-8e56-492a-a188-305e4d254097,,
,0.0,62900750,0.0,0.0,0.0,,,0.0,,2025-01-29 06:30:00.000,,,,,,,,,0.0,,,62900750,0.0,0.0,2025-02-04 13:17:27.320,2025-01-29 16:15:47.855,100002,,0.0,0.0,,0.0,0.0,,,0.0,Lunch,0.0,,0.0,824.0,UTC+0530,3QItrwNcp5,,0.0,0.0,com.sec.android.app.shealth,,,0.0,,,,c48a0012-d1ab-444d-80f2-c438d5730566,,
,26.4,62900750,0.0,0.0,0.0,,,0.0,,2025-01-29 02:30:00.000,,,,,,,,,58.3,,,62900750,0.7,0.4,2025-02-04 13:17:27.313,2025-01-29 16:14:01.777,100001,,0.1,1.2,,0.1,1.7,,,0.1,Breakfast,0.0,,0.3,427.0,UTC+0530,3QItrwNcp5,,0.0,0.0,com.sec.android.app.shealth,,,5.3,,,,ca593197-6bdf-4c47-b464-a02d0ebb9e02,,
,0.0,62900750,0.0,0.0,0.0,,,0.0,,2025-01-29 12:30:00.000,,,,,,,,,0.0,,,62900750,0.0,0.0,2025-02-04 13:17:27.324,2025-01-29 16:47:43.691,100003,,0.0,0.0,,0.0,0.0,,,0.0,Dinner,0.0,,0.0,547.0,UTC+0530,3QItrwNcp5,,0.0,0.0,com.sec.android.app.shealth,,,0.0,,,,98387884-697c-49e1-90b8-f0f7e0d3f8e5,,
,0.0,62900750,0.0,0.0,0.0,,,0.0,,2025-01-30 06:30:00.000,,,,,,,,,0.0,,,62900750,0.0,0.0,2025-02-04 13:17:27.276,2025-01-30 19:03:59.003,100002,,0.0,0.0,,0.0,0.0,,,0.0,Lunch,0.0,,0.0,904.0,UTC+0530,3QItrwNcp5,,0.0,0.0,com.sec.android.app.shealth,,,0.0,,,,322d5a2e-6eaa-442d-bd92-841fe96c743e,,
,0.0,62900750,0.0,0.0,0.0,,,0.0,,2025-01-30 02:30:00.000,,,,,,,,,0.0,,,62900750,0.0,0.0,2025-02-04 13:17:27.270,2025-01-30 19:04:44.616,100001,,0.0,0.0,,0.0,0.0,,,0.0,Breakfast,0.0,,0.0,397.0,UTC+0530,3QItrwNcp5,,0.0,0.0,com.sec.android.app.shealth,,,0.0,,,,d1204c7c-6b66-4721-8507-39d556dbf956,,
,0.0,62900750,0.0,0.0,0.0,,,0.0,,2025-01-30 12:30:00.000,,,,,,,,,0.0,,,62900750,0.0,0.0,2025-02-04 13:17:27.299,2025-01-30 19:05:55.284,100003,,0.0,0.0,,0.0,0.0,,,0.0,Dinner,0.0,,0.0,157.0,UTC+0530,3QItrwNcp5,,0.0,0.0,com.sec.android.app.shealth,,,0.0,,,,7a30b54e-5168-4126-b812-d67e30861b9e,,
,434.0,,7.1,25.2,0.0,,,0.0,,2023-06-20 06:30:00.000,,,,,,,,,522.0,,,,8.8,2.3,2023-06-20 17:43:03.059,2023-06-20 17:43:03.059,100002,,0.0,14.5,,0.1,13.6,,,10.4,Lunch,0.0,,3.3,304.0,UTC+0530,EmOHuC/o0o,,0.0,0.0,com.sec.android.app.shealth,,,57.0,,,,073a2ff0-14bc-4280-80a2-5226603dc99c,,
,413.0,,0.2,10.1,0.0,,,0.0,,2023-06-20 02:30:00.000,,,,,,,,,778.0,,,,10.6,2.7,2023-06-20 17:41:28.745,2023-06-20 17:41:28.745,100001,,0.6,14.8,,1.2,18.0,,,0.0,Breakfast,0.0,,5.9,442.0,UTC+0530,EmOHuC/o0o,,0.2,0.0,com.sec.android.app.shealth,,,90.2,,,,c05f429c-39f2-4e75-8332-0a2572c7669e,,
,0.0,62701610,0.0,0.0,0.0,,,0.0,,2024-08-05 17:54:23.191,,,,,,,,,306.0,,,62701610,5.0,11.0,2024-08-05 17:54:23.195,2024-08-05 17:54:23.195,100001,,0.0,4.0,,0.0,0.0,,,0.0,Breakfast,0.0,,0.0,422.0,UTC+0530,EmOHuC/o0o,,4.0,0.0,com.sec.android.app.shealth,,,18.0,,,,d6087dd4-4771-4cef-aafe-bb2859f7acff,,
,62.0,62701610,0.1,0.0,0.0,,,0.0,,2024-08-05 18:00:08.163,,,,,,,,,6.0,,,62701610,0.0,0.1,2024-08-05 18:00:08.164,2024-08-05 18:00:08.164,100004,,0.0,0.3,,0.0,0.3,,,0.2,Morning snack,0.0,,0.8,6.0,UTC+0530,EmOHuC/o0o,,0.0,0.0,com.sec.android.app.shealth,,,0.8,,,,fd4178f3-b77e-402b-8b6d-8d00a9970210,,
,902.4,62701610,11.5,9.5,0.0,,,229.0,,2024-08-05 12:30:00.000,,,,,,,,,1277.8,,,62701610,2.6,36.3,2024-08-06 03:49:32.757,2024-08-05 17:58:50.775,100003,,12.0,100.3,,6.6,16.4,,,47.9,Dinner,0.0,,2.5,1012.0,UTC+0530,EmOHuC/o0o,,11.9,0.0,com.sec.android.app.shealth,,,68.4,,,,cc888f74-98d6-43db-b264-c344cffc472b,,
,250.0,62701610,0.1,0.0,0.0,,,0.0,,2024-08-05 15:30:00.000,,,,,,,,,111.0,,,62701610,10.0,10.7,2024-08-06 03:37:27.680,2024-08-05 18:00:23.763,100006,,0.0,30.3,,0.0,0.3,,,3.0,Evening snack,0.0,,0.8,342.0,UTC+0530,EmOHuC/o0o,,2.8,0.0,com.sec.android.app.shealth,,,47.4,,,,e462f4f7-b81c-4d5c-b1b6-c0f1072b327a,,
,50.0,62701610,6.7,0.0,0.0,,,151.0,,2024-08-05 06:30:00.000,,,,,,,,,5502.0,,,62701610,0.0,7.8,2024-08-06 03:39:03.022,2024-08-05 17:56:14.449,100002,,1.7,14.1,,0.7,3.0,,,2.2,Lunch,0.0,,1.6,497.0,UTC+0530,EmOHuC/o0o,,1.3,0.0,com.sec.android.app.shealth,,,91.6,,,,d9fabead-50b6-4201-a1ef-b538338f9525,,
,794.9,62701610,73.9,23.6,0.0,,,0.0,,2024-08-06 03:48:16.955,,,,,,,,,55.7,,,62701610,8.9,0.5,2024-08-06 03:48:16.962,2024-08-06 03:48:16.962,100001,,0.0,1.9,,0.0,3.9,,,33.8,Breakfast,0.0,,3.1,213.0,UTC+0530,EmOHuC/o0o,,0.0,0.0,com.sec.android.app.shealth,,,54.4,,,,a606a85e-c8de-4d67-af38-832f7e75773e,,
,62.0,62701610,0.1,0.0,0.0,,,0.0,,2024-08-06 09:38:45.377,,,,,,,,,6.0,,,62701610,0.0,0.1,2024-08-06 09:38:45.379,2024-08-06 09:38:45.379,100004,,0.0,0.3,,0.0,0.3,,,0.2,Morning snack,0.0,,0.8,6.0,UTC+0530,EmOHuC/o0o,,0.0,0.0,com.sec.android.app.shealth,,,0.8,,,,82d3d1e4-7a61-442d-96f2-15b0578b8271,,
,479.3,62701610,16.4,0.5,0.0,,,92.2,,2024-08-06 16:32:42.400,,,,,,,,,600.0,,,62701610,1.0,21.0,2024-08-06 16:32:42.402,2024-08-06 09:38:26.672,100002,,8.1,33.5,,4.9,16.6,,,16.4,Lunch,0.0,,10.3,670.0,UTC+0530,EmOHuC/o0o,,3.7,0.0,com.sec.android.app.shealth,,,85.2,,,,f4c0431c-7210-4005-beec-f6dd123ba26a,,
,73.0,62701610,0.7,0.0,0.0,,,3.0,,2024-08-06 16:35:24.935,,,,,,,,,15.0,,,62701610,5.1,7.6,2024-08-06 16:35:24.938,2024-08-06 16:34:12.232,100006,,0.2,10.9,,0.0,0.1,,,1.8,Evening snack,0.0,,2.5,312.0,UTC+0530,EmOHuC/o0o,,1.6,0.0,com.sec.android.app.shealth,,,29.0,,,,099a0910-b04b-429d-9fa0-bb64cee967f4,,
,862.0,62701610,11.5,11.4,0.0,,,229.0,,2024-08-06 12:30:00.000,,,,,,,,,1122.3,,,62710150,3.1,37.2,2024-08-07 05:07:38.558,2024-08-06 16:48:12.940,100003,,12.0,93.6,,6.6,16.5,,,52.6,Dinner,0.0,,2.2,1013.0,UTC+0530,EmOHuC/o0o,,11.9,0.0,com.sec.android.app.shealth,,,74.4,,,,90aed1db-7e37-477a-af82-4388c3018fb2,,
,966.4,62710150,69.6,148.3,0.0,,,0.0,,2024-08-07 05:11:34.555,,,,,,,,,465.0,,,62710150,13.6,11.5,2024-08-07 05:11:34.556,2024-08-07 05:11:34.556,100001,,0.0,13.2,,0.0,3.3,,,29.3,Breakfast,0.0,,6.1,400.0,UTC+0530,EmOHuC/o0o,,4.0,0.0,com.sec.android.app.shealth,,,62.9,,,,0ded4696-871d-48ec-b8ec-12d5d7e04433,,
,301.2,62710150,8.4,6.8,0.0,,,42.3,,2024-08-07 17:24:37.646,,,,,,,,,795.6,,,62710150,1.0,10.9,2024-08-07 17:24:37.647,2024-08-07 17:24:28.205,100002,,3.3,22.7,,2.1,6.3,,,3.9,Lunch,0.0,,1.5,405.0,UTC+0530,EmOHuC/o0o,,1.5,0.0,com.sec.android.app.shealth,,,53.6,,,,0ddde1ce-fb99-4c08-beac-eb070c6238c9,,
,62.0,62710150,0.1,0.0,0.0,,,0.0,,2024-08-07 17:24:49.524,,,,,,,,,6.0,,,62710150,0.0,0.1,2024-08-07 17:24:49.527,2024-08-07 17:23:24.955,100004,,0.0,0.3,,0.0,0.3,,,0.2,Morning snack,0.0,,0.8,6.0,UTC+0530,EmOHuC/o0o,,0.0,0.0,com.sec.android.app.shealth,,,0.8,,,,86b2c982-959f-4e61-a541-8bd6d7511334,,
,6.0,62710150,0.0,0.0,0.0,,,0.0,,2024-08-07 17:30:02.091,,,,,,,,,123.9,,,62710150,0.0,7.3,2024-08-07 17:30:02.093,2024-08-07 17:30:02.093,100006,,0.0,2.0,,0.0,0.5,,,73.0,Evening snack,0.0,,0.8,387.0,UTC+0530,EmOHuC/o0o,,6.4,0.0,com.sec.android.app.shealth,,,79.7,,,,c2956645-444e-44b4-b467-734e882f43e4,,
,6.0,62710150,0.0,0.0,0.0,,,0.0,,2024-08-07 17:30:02.101,,,,,,,,,123.9,,,62710150,0.0,7.3,2024-08-07 17:30:02.102,2024-08-07 17:30:02.102,100006,,0.0,2.0,,0.0,0.5,,,73.0,Evening snack,0.0,,0.8,387.0,UTC+0530,EmOHuC/o0o,,6.4,0.0,com.sec.android.app.shealth,,,79.7,,,,a9b123ef-693b-48c4-83da-b9d25e1bbdde,,
,635.0,62710150,1.6,0.0,0.0,,,255.0,,2024-08-07 17:32:23.234,,,,,,,,,1290.0,,,62710150,0.0,10.2,2024-08-07 17:32:23.236,2024-08-07 17:32:23.236,100003,,3.0,118.2,,1.7,14.3,,,26.5,Dinner,0.0,,2.8,702.0,UTC+0530,EmOHuC/o0o,,3.0,0.0,com.sec.android.app.shealth,,,28.5,,,,29f8706d-21ed-4572-b0f8-80392a23c495,,
,1486.5,62710150,72.8,167.0,0.0,,,0.0,,2024-08-08 05:47:24.916,,,,,,,,,52.5,,,62710150,10.6,0.8,2024-08-08 05:47:24.920,2024-08-08 05:47:24.920,100001,,0.0,3.9,,0.0,5.6,,,37.6,Breakfast,0.0,,6.4,271.0,UTC+0530,EmOHuC/o0o,,0.1,0.0,com.sec.android.app.shealth,,,68.0,,,,230b3be0-38b5-46e4-8947-ebf1b4943dad,,
,1486.5,62710150,72.8,167.0,0.0,,,0.0,,2024-08-08 05:47:24.925,,,,,,,,,52.5,,,62710150,10.6,0.8,2024-08-08 05:47:24.936,2024-08-08 05:47:24.936,100001,,0.0,3.9,,0.0,5.6,,,37.6,Breakfast,0.0,,6.4,271.0,UTC+0530,EmOHuC/o0o,,0.1,0.0,com.sec.android.app.shealth,,,68.0,,,,5fb9d582-a8d5-432a-b6c2-69ea24bd8630,,
,442.0,62710150,10.6,0.0,0.0,,,230.0,,2024-08-08 07:56:53.127,,,,,,,,,1868.0,,,62710150,0.0,68.5,2024-08-08 07:56:53.131,2024-08-08 07:56:53.131,100002,,10.4,81.4,,5.8,13.8,,,0.8,Lunch,0.0,,2.3,1103.0,UTC+0530,EmOHuC/o0o,,26.5,0.0,com.sec.android.app.shealth,,,36.2,,,,4201c609-9829-48d3-8872-b0ef46b7bbb8,,
,81.2,62710150,18.9,0.6,0.0,,,60.2,,2024-08-08 17:46:06.919,,,,,,,,,338.8,,,62710150,0.2,17.1,2024-08-08 17:46:06.927,2024-08-08 17:46:06.927,100006,,6.4,7.7,,2.8,4.5,,,19.7,Evening snack,0.0,,3.3,287.0,UTC+0530,EmOHuC/o0o,,6.8,0.0,com.sec.android.app.shealth,,,26.0,,,,9542c33f-1cfb-43e3-b3b5-7288bab89eca,,
,633.0,62710150,0.6,17.1,0.0,,,45.0,,2024-08-08 17:47:04.633,,,,,,,,,301.5,,,62710150,4.6,1.9,2024-08-08 17:47:04.637,2024-08-08 17:46:39.269,100003,,0.0,43.3,,0.0,2.5,,,48.1,Dinner,0.0,,0.6,449.0,UTC+0530,EmOHuC/o0o,,0.6,0.0,com.sec.android.app.shealth,,,68.8,,,,1eae8f91-848b-4287-86e5-70e09576f378,,
,257.0,62710150,6.1,68.6,0.0,,,5.0,,2024-08-09 14:43:08.449,,,,,,,,,45.0,,,62710150,1.8,1.6,2024-08-09 14:43:08.455,2024-08-09 14:43:08.455,100001,,0.0,5.7,,0.0,0.5,,,10.9,Breakfast,0.0,,1.8,117.0,UTC+0530,EmOHuC/o0o,,1.0,0.0,com.sec.android.app.shealth,,,20.8,,,,06cc4c76-341a-4ff8-bfcf-7f7a4c5851ef,,
,409.4,62710150,9.0,0.0,0.0,,,147.9,,2024-08-09 14:50:28.772,,,,,,,,,690.1,,,62710150,0.0,25.9,2024-08-09 14:50:28.777,2024-08-09 14:50:28.777,100002,,8.8,47.2,,4.9,11.7,,,0.0,Lunch,0.0,,1.9,489.0,UTC+0530,EmOHuC/o0o,,6.2,0.0,com.sec.android.app.shealth,,,13.3,,,,afe0a1aa-6314-4ca5-b7bb-54ef17924289,,
,173.0,62710150,18.9,0.4,0.0,,,66.0,,2024-08-09 16:42:20.327,,,,,,,,,489.0,,,62710150,0.4,27.0,2024-08-09 16:42:20.330,2024-08-09 14:52:07.050,100006,,10.3,6.6,,1.8,4.1,,,30.0,Evening snack,0.0,,4.7,505.0,UTC+0530,EmOHuC/o0o,,11.8,0.0,com.sec.android.app.shealth,,,60.6,,,,27d482bb-4e59-4f88-a9ba-85e0be76edf4,,
,0.0,62710150,0.0,0.0,0.0,,,45.0,,2024-08-09 17:04:44.608,,,,,,,,,300.0,,,62710150,0.0,1.5,2024-08-09 17:04:44.612,2024-08-09 16:41:39.866,100003,,0.0,63.5,,0.0,0.0,,,26.5,Dinner,0.0,,0.0,982.0,UTC+0530,EmOHuC/o0o,,0.5,0.0,com.sec.android.app.shealth,,,28.5,,,,579c7ab8-96f5-4278-8423-85f25dadb548,,
,32.5,62710150,35.0,0.0,0.0,,,0.0,,2024-08-11 06:50:57.217,,,,,,,,,155.0,,,62710150,0.0,30.0,2024-08-11 06:50:57.222,2024-08-11 06:50:57.222,100004,,0.0,17.0,,0.0,0.0,,,53.2,Morning snack,0.0,,50.0,650.0,UTC+0530,EmOHuC/o0o,,18.5,0.5,com.sec.android.app.shealth,,,78.5,,,,9e28a92a-8273-4e09-a90f-78a4f4960d02,,
,260.9,62710150,1.3,12.1,0.0,,,0.0,,2024-08-12 07:01:36.233,,,,,,,,,195.2,,,62710150,7.1,6.3,2024-08-12 07:01:36.235,2024-08-12 07:01:36.235,100001,,0.0,5.9,,0.0,2.0,,,23.9,Breakfast,0.0,,1.2,344.0,UTC+0530,EmOHuC/o0o,,2.0,0.0,com.sec.android.app.shealth,,,68.8,,,,213701cf-1b19-4c37-b002-14bc57a4a8b4,,
,0.0,62710150,0.0,0.0,0.0,,,0.0,,2024-08-12 07:03:57.561,,,,,,,,,0.0,,,62710150,12.0,35.0,2024-08-12 07:03:57.564,2024-08-12 07:03:57.564,100002,,0.0,82.0,,0.0,0.0,,,0.0,Lunch,0.0,,0.0,824.0,UTC+0530,EmOHuC/o0o,,0.0,0.0,com.sec.android.app.shealth,,,45.0,,,,70a4f75f-e269-466f-9b4c-90f57886b0d9,,
,62.0,62710150,0.1,0.0,0.0,,,0.0,,2024-08-12 07:51:08.861,,,,,,,,,6.0,,,62710150,0.0,1.1,2024-08-12 07:51:08.862,2024-08-12 07:02:19.691,100004,,0.0,0.6,,0.0,0.3,,,0.2,Morning snack,0.0,,0.8,16.0,UTC+0530,EmOHuC/o0o,,0.0,0.0,com.sec.android.app.shealth,,,0.8,,,,cac60d0c-bd90-4e5c-8104-e97f3fc78816,,
,544.0,62710150,13.2,8.1,0.0,,,102.0,,2024-08-13 09:24:26.344,,,,,,,,,2084.0,,,62710150,4.5,22.3,2024-08-13 09:24:26.348,2024-08-13 09:24:26.348,100002,,6.7,29.5,,5.4,16.3,,,30.7,Lunch,0.0,,10.2,760.0,UTC+0530,EmOHuC/o0o,,7.9,0.0,com.sec.android.app.shealth,,,110.7,,,,e22f6669-0205-4e60-be97-628f6dd51b83,,
,1094.1,62710150,19.1,79.7,0.0,,,223.5,,2024-08-12 12:30:00.000,,,,,,,,,1007.3,,,62710150,4.8,20.5,2024-08-13 06:35:39.628,2024-08-13 06:35:39.628,100003,,7.9,81.0,,4.2,18.3,,,37.2,Dinner,0.0,,5.2,685.0,UTC+0530,EmOHuC/o0o,,5.4,0.0,com.sec.android.app.shealth,,,43.0,,,,d346cc17-b066-450a-834e-32a02421e0a7,,
,71.0,62710150,0.7,0.0,0.0,,,3.0,,2024-08-12 15:30:00.000,,,,,,,,,551.0,,,62710150,1.2,22.6,2024-08-13 06:36:11.988,2024-08-13 06:36:11.988,100006,,9.0,8.1,,3.1,0.1,,,12.8,Evening snack,0.0,,2.5,422.0,UTC+0530,EmOHuC/o0o,,10.3,0.1,com.sec.android.app.shealth,,,46.9,,,,d5e50df2-6eac-4873-9c7f-950ba79a4730,,
,71.0,62710150,0.7,0.0,0.0,,,9.4,,2024-08-13 06:52:34.274,,,,,,,,,321.3,,,62710150,6.6,15.0,2024-08-13 06:52:34.275,2024-08-13 06:51:03.015,100001,,0.2,7.7,,0.0,0.1,,,4.8,Breakfast,0.0,,2.5,509.0,UTC+0530,EmOHuC/o0o,,6.1,1.3,com.sec.android.app.shealth,,,44.5,,,,2e7d5259-dd05-4944-88d9-42078f66a78c,,
,146.0,62710150,1.5,0.0,0.0,,,6.0,,2024-08-13 18:25:01.654,,,,,,,,,30.0,,,62710150,0.2,1.6,2024-08-13 18:25:01.655,2024-08-13 18:25:01.655,100006,,0.4,1.8,,0.0,0.3,,,2.6,Evening snack,0.0,,5.0,34.0,UTC+0530,EmOHuC/o0o,,0.8,0.0,com.sec.android.app.shealth,,,3.0,,,,f3f72c94-e9ac-423f-ba32-ff1a500d7a36,,
,486.0,62710150,6.2,0.0,0.0,,,211.0,,2024-08-13 18:26:07.467,,,,,,,,,1086.0,,,62710150,0.0,16.9,2024-08-13 18:26:07.473,2024-08-13 18:26:07.473,100003,,6.0,100.5,,3.2,11.7,,,26.5,Dinner,0.0,,2.1,682.0,UTC+0530,EmOHuC/o0o,,4.7,0.0,com.sec.android.app.shealth,,,28.5,,,,74c13e58-3653-4021-bd5d-1b7a934d55f9,,
,148.0,62710150,0.4,7.0,0.0,,,0.0,,2024-08-14 03:51:26.554,,,,,,,,,1.0,,,62710150,3.3,1.2,2024-08-14 03:51:26.559,2024-08-14 03:51:26.559,100001,,0.0,0.7,,0.0,50.9,,,14.3,Breakfast,0.0,,2.1,83.0,UTC+0530,EmOHuC/o0o,,0.0,0.0,com.sec.android.app.shealth,,,19.1,,,,3b6edc6c-7f85-439b-9d26-4fcb4094747b,,
,1284.0,62710150,124.4,216.9,0.0,,,0.0,,2024-08-13 04:30:00.000,,,,,,,,,96.0,,,62710150,10.5,2.0,2024-08-14 03:52:26.207,2024-08-13 06:45:40.816,100004,,0.2,5.0,,0.1,57.6,,,85.8,Morning snack,0.0,,11.9,412.0,UTC+0530,EmOHuC/o0o,,0.1,0.0,com.sec.android.app.shealth,,,99.9,,,,a62c5550-c609-45d4-83f1-a1667dadad27,,
,149.4,62710150,4.1,3.3,0.0,,,21.0,,2024-08-14 15:27:37.831,,,,,,,,,464.7,,,62710150,0.5,6.3,2024-08-14 15:27:37.832,2024-08-14 15:27:20.325,100002,,1.6,14.2,,1.0,3.1,,,2.4,Lunch,0.0,,0.7,286.0,UTC+0530,EmOHuC/o0o,,0.7,0.0,com.sec.android.app.shealth,,,42.6,,,,797c94ed-1504-42de-af34-1a80cc6f4c0e,,
,62.0,62710150,0.1,0.0,0.0,,,0.0,,2024-08-14 15:27:49.296,,,,,,,,,6.0,,,62710150,0.0,0.1,2024-08-14 15:27:49.301,2024-08-14 15:25:45.728,100004,,0.0,0.3,,0.0,0.3,,,0.2,Morning snack,0.0,,0.8,6.0,UTC+0530,EmOHuC/o0o,,0.0,0.0,com.sec.android.app.shealth,,,0.8,,,,6047b2e4-fee4-4f35-a726-8edc54ecf7dd,,
,73.0,62710150,0.7,0.0,0.0,,,3.0,,2024-08-14 15:28:21.409,,,,,,,,,15.0,,,62710150,0.1,0.8,2024-08-14 15:28:21.411,2024-08-14 15:28:03.519,100005,,0.2,0.9,,0.0,0.1,,,1.3,Afternoon snack,0.0,,2.5,17.0,UTC+0530,EmOHuC/o0o,,0.4,0.0,com.sec.android.app.shealth,,,1.5,,,,8b2d18f4-4ce1-4533-935b-1ae8fc55f788,,
,116.0,62710150,27.0,0.8,0.0,,,86.0,,2024-08-14 15:29:05.977,,,,,,,,,484.0,,,62710150,0.4,24.5,2024-08-14 15:29:05.978,2024-08-14 15:29:05.978,100006,,9.2,11.1,,4.1,6.5,,,28.2,Evening snack,0.0,,4.8,410.0,UTC+0530,EmOHuC/o0o,,9.8,0.0,com.sec.android.app.shealth,,,37.2,,,,35aa737b-6093-467a-b6d2-f9ae4a02165c,,
,1322.5,62710150,4.4,0.0,0.0,,,252.0,,2024-08-14 16:43:30.883,,,,,,,,,1942.5,,,62710150,4.8,29.9,2024-08-14 16:43:30.886,2024-08-14 16:43:30.886,100003,,6.5,103.0,,4.0,16.6,,,4.7,Dinner,0.0,,2.8,790.0,UTC+0530,EmOHuC/o0o,,5.0,0.0,com.sec.android.app.shealth,,,24.8,,,,7e57e278-42d6-4c29-b412-9bc9614917c7,,
,428.4,62710150,9.4,39.0,0.0,,,185.0,,2024-08-19 10:47:04.637,,,,,,,,,607.5,,,62710150,3.2,9.9,2024-08-19 10:47:04.638,2024-08-19 10:46:54.391,100002,,2.6,16.8,,1.3,6.2,,,2.8,Lunch,0.0,,2.8,377.0,UTC+0530,EmOHuC/o0o,,1.7,0.0,com.sec.android.app.shealth,,,51.8,,,,3c0f67dc-6cc7-484f-b27f-69592b11eef9,,
,70.0,62710150,0.7,3.1,0.0,,,0.0,,2024-08-19 10:47:20.644,,,,,,,,,41.0,,,62710150,0.4,0.9,2024-08-19 10:47:20.644,2024-08-19 10:40:13.338,100001,,0.0,2.9,,0.0,0.8,,,5.5,Breakfast,0.0,,0.4,308.0,UTC+0530,EmOHuC/o0o,,0.0,0.0,com.sec.android.app.shealth,,,15.2,,,,4970a0c2-5c04-4919-9fbf-cd04a3112462,,
,62.0,62710150,0.1,0.0,0.0,,,0.0,,2024-08-19 10:47:43.759,,,,,,,,,6.0,,,62710150,0.0,0.1,2024-08-19 10:47:43.761,2024-08-19 10:47:43.761,100004,,0.0,0.3,,0.0,0.3,,,0.2,Morning snack,0.0,,0.8,6.0,UTC+0530,EmOHuC/o0o,,0.0,0.0,com.sec.android.app.shealth,,,0.8,,,,81dae924-0c97-49ba-8a72-0ff8e0b14b3d,,
,182.0,62710150,9.2,0.8,0.0,,,18.0,,2024-08-19 10:50:43.769,,,,,,,,,48.0,,,62710150,1.0,5.0,2024-08-19 10:50:43.774,2024-08-19 10:48:14.495,100005,,1.1,5.0,,0.3,52.6,,,20.4,Afternoon snack,0.0,,9.8,195.0,UTC+0530,EmOHuC/o0o,,2.1,0.0,com.sec.android.app.shealth,,,32.8,,,,55bbe9cb-e8a1-445e-8142-61694439d03e,,
,0.0,62710150,0.0,0.0,0.0,,,5.0,,2024-08-20 15:30:00.000,,,,,,,,,205.3,,,62710150,0.0,4.5,2024-08-21 03:59:22.161,2024-08-20 20:18:13.358,100006,,0.0,5.9,,0.0,0.0,,,40.3,Evening snack,0.0,,0.0,271.0,UTC+0530,EmOHuC/o0o,,3.8,0.0,com.sec.android.app.shealth,,,50.6,,,,277716c9-6462-474d-b069-833cba8f0aa5,,
,552.5,62710150,13.3,0.0,0.0,,,295.5,,2024-08-19 12:30:00.000,,,,,,,,,1455.7,,,62710150,0.0,49.7,2024-08-20 20:13:48.892,2024-08-20 20:13:21.995,100003,,13.0,119.1,,7.2,17.3,,,26.5,Dinner,0.0,,2.8,1245.0,UTC+0530,EmOHuC/o0o,,16.9,0.0,com.sec.android.app.shealth,,,78.5,,,,c9b9e91f-a94a-498a-a436-fee9845a0cdd,,
,62.0,62710150,0.1,0.0,0.0,,,0.0,,2024-08-20 04:30:00.000,,,,,,,,,6.0,,,62710150,0.0,0.1,2024-08-20 20:15:28.768,2024-08-20 20:15:28.768,100004,,0.0,0.3,,0.0,0.3,,,0.2,Morning snack,0.0,,0.8,6.0,UTC+0530,EmOHuC/o0o,,0.0,0.0,com.sec.android.app.shealth,,,0.8,,,,e5c15faf-f51d-4354-8b9a-b52dd8a1a9a9,,
,542.0,62710150,3.3,156.6,0.0,,,0.0,,2024-08-20 02:30:00.000,,,,,,,,,1.0,,,62710150,6.5,1.2,2024-08-20 20:15:12.973,2024-08-20 20:15:12.973,100001,,0.0,3.0,,0.0,52.0,,,25.0,Breakfast,0.0,,10.0,141.0,UTC+0530,EmOHuC/o0o,,0.0,0.0,com.sec.android.app.shealth,,,31.7,,,,cf1788fc-16af-4886-8702-92871556ab84,,
,437.0,62710150,2.5,0.5,0.0,,,88.0,,2024-08-20 06:30:00.000,,,,,,,,,384.0,,,62710150,0.3,18.2,2024-08-20 20:16:34.004,2024-08-20 20:16:34.004,100002,,6.6,31.4,,4.4,5.3,,,2.0,Lunch,0.0,,3.3,522.0,UTC+0530,EmOHuC/o0o,,3.2,0.0,com.sec.android.app.shealth,,,56.9,,,,d415804d-801e-4de2-bf37-65ea34fa1fc2,,
,729.5,62710150,3.2,49.5,0.0,,,278.0,,2024-08-20 12:30:00.000,,,,,,,,,1398.5,,,62710150,1.3,28.1,2024-08-20 20:18:45.518,2024-08-20 20:17:45.859,100003,,2.7,122.1,,1.5,14.8,,,27.3,Dinner,0.0,,4.3,1075.0,UTC+0530,EmOHuC/o0o,,12.3,0.0,com.sec.android.app.shealth,,,81.8,,,,e93a0c29-45dd-424d-a4bc-d3fa5fcae069,,
,102.3,62710150,0.0,0.0,0.0,,,0.0,,2024-08-21 17:51:24.333,,,,,,,,,0.9,,,62710150,11.0,22.0,2024-08-21 17:51:24.336,2024-08-21 17:51:24.336,100006,,3.6,33.9,,2.3,1.5,,,0.6,Evening snack,0.0,,1.0,448.0,UTC+0530,EmOHuC/o0o,,3.3,0.0,com.sec.android.app.shealth,,,47.5,,,,e5b028cd-c1cc-406d-9a3a-ea219d63df14,,
,802.7,62710150,10.4,56.8,0.0,,,234.0,,2024-08-21 17:55:43.277,,,,,,,,,1451.0,,,62710150,2.6,11.4,2024-08-21 17:55:43.279,2024-08-21 17:55:43.279,100003,,3.5,112.3,,2.1,15.7,,,27.5,Dinner,0.0,,5.0,705.0,UTC+0530,EmOHuC/o0o,,3.1,0.0,com.sec.android.app.shealth,,,34.1,,,,16b8445b-72c2-4851-827d-df24bb6ea1fd,,
,70.0,62710150,0.7,3.1,0.0,,,8.0,,2024-08-21 17:42:24.269,,,,,,,,,42.7,,,62710150,2.3,4.9,2024-08-21 17:42:24.273,2024-08-21 17:42:07.807,100001,,0.0,6.4,,0.0,0.8,,,5.5,Breakfast,0.0,,0.4,235.0,UTC+0530,EmOHuC/o0o,,2.1,1.6,com.sec.android.app.shealth,,,42.2,,,,e622d0c2-6744-420c-8dfa-00a52c9c97e6,,
,62.0,62710150,0.1,0.0,0.0,,,0.0,,2024-08-21 17:42:52.987,,,,,,,,,6.0,,,62710150,0.0,0.1,2024-08-21 17:42:52.994,2024-08-21 17:42:52.994,100004,,0.0,0.3,,0.0,0.3,,,0.2,Morning snack,0.0,,0.8,6.0,UTC+0530,EmOHuC/o0o,,0.0,0.0,com.sec.android.app.shealth,,,0.8,,,,b66c49c2-984c-4452-8b27-412ab325a217,,
,249.0,62710150,7.0,5.6,0.0,,,35.0,,2024-08-21 17:45:00.000,,,,,,,,,694.0,,,62710150,0.9,9.6,2024-08-21 17:45:00.002,2024-08-21 17:44:42.795,100002,,2.8,20.4,,1.8,5.2,,,3.5,Lunch,0.0,,1.3,379.0,UTC+0530,EmOHuC/o0o,,1.3,0.0,com.sec.android.app.shealth,,,52.7,,,,4de370ad-9ddf-4273-9df1-1e65c6a5b5a3,,
,73.0,62710150,0.7,0.0,0.0,,,3.0,,2024-08-21 17:45:47.752,,,,,,,,,686.0,,,62710150,3.3,29.2,2024-08-21 17:45:47.754,2024-08-21 17:45:47.754,100005,,9.0,9.7,,3.1,0.1,,,9.3,Afternoon snack,0.0,,2.5,479.0,UTC+0530,EmOHuC/o0o,,12.9,0.0,com.sec.android.app.shealth,,,44.3,,,,38e8c4b8-9899-4d81-a4b6-a7d5a7eeb114,,
,70.0,62710150,0.7,3.1,0.0,,,0.0,,2024-08-22 02:30:00.000,,,,,,,,,41.0,,,62710150,0.4,1.9,2024-08-23 05:34:31.111,2024-08-23 05:34:31.111,100001,,0.0,2.5,,0.0,0.8,,,5.5,Breakfast,0.0,,0.4,105.0,UTC+0530,EmOHuC/o0o,,0.0,0.0,com.sec.android.app.shealth,,,23.2,,,,c8e7a8e9-9781-4469-be91-355dc51f0bc8,,
,73.0,62710150,0.7,0.0,0.0,,,3.0,,2024-08-22 09:30:00.000,,,,,,,,,15.0,,,62710150,0.1,0.8,2024-08-23 05:40:17.191,2024-08-23 05:40:17.191,100005,,0.2,0.9,,0.0,0.1,,,1.3,Afternoon snack,0.0,,2.5,17.0,UTC+0530,EmOHuC/o0o,,0.4,0.0,com.sec.android.app.shealth,,,1.5,,,,0fc0c1fd-4fa7-4aee-b147-65ee9810f303,,
,318.0,62710150,2.4,8.0,0.0,,,0.0,,2024-08-22 06:30:00.000,,,,,,,,,1229.3,,,62710150,1.7,31.9,2024-08-23 05:40:27.161,2024-08-23 05:38:36.759,100002,,1.0,23.4,,0.6,1.6,,,11.7,Lunch,0.0,,0.6,764.0,UTC+0530,EmOHuC/o0o,,10.8,0.1,com.sec.android.app.shealth,,,95.9,,,,0618c9d1-7d09-44c1-a000-a7984d1d3c6c,,
,198.4,62710150,0.1,0.0,0.0,,,0.0,,2024-08-22 04:30:00.000,,,,,,,,,7.2,,,62710150,1.3,10.9,2024-08-23 05:40:46.078,2024-08-23 05:35:34.335,100004,,4.8,5.9,,3.1,52.4,,,1.0,Morning snack,0.0,,3.7,133.0,UTC+0530,EmOHuC/o0o,,1.3,0.0,com.sec.android.app.shealth,,,4.6,,,,0ce75431-ee07-4162-9f60-5aa088085308,,
,217.5,62710150,10.4,0.0,0.0,,,96.0,,2024-08-22 15:30:00.000,,,,,,,,,343.5,,,62710150,1.3,20.7,2024-08-23 05:46:21.033,2024-08-23 05:46:21.033,100006,,6.9,30.1,,3.7,9.1,,,0.3,Evening snack,0.0,,20.9,373.0,UTC+0530,EmOHuC/o0o,,8.4,0.0,com.sec.android.app.shealth,,,15.7,,,,15bfa76c-de03-47ef-862f-901c59653857,,
,482.0,62710150,3.5,0.0,0.0,,,221.0,,2024-08-22 12:30:00.000,,,,,,,,,918.0,,,62710150,0.0,15.7,2024-08-23 05:46:52.723,2024-08-23 05:41:20.231,100003,,5.2,84.7,,3.2,13.3,,,6.1,Dinner,0.0,,2.3,528.0,UTC+0530,EmOHuC/o0o,,4.5,0.0,com.sec.android.app.shealth,,,8.1,,,,abc3d095-d384-4cd6-affa-29f9fef7c29b,,
,206.0,62710150,10.9,3.1,0.0,,,214.0,,2024-08-29 04:04:10.198,,,,,,,,,501.0,,,62710150,5.5,18.9,2024-08-29 04:04:10.200,2024-08-29 04:04:10.200,100001,,2.2,13.6,,0.7,4.3,,,7.3,Breakfast,0.0,,4.9,574.0,UTC+0530,EmOHuC/o0o,,6.0,0.0,com.sec.android.app.shealth,,,43.2,,,,8c774ec4-4f62-4336-b7ed-28fd4b404f3c,,
,32.5,62720090,0.0,0.0,0.0,,,31.4,,2024-09-01 04:16:21.038,,,,,,,,,4322.2,,,62720090,5.6,61.1,2024-09-01 04:16:21.038,2024-09-01 04:16:21.028,100004,,0.0,36.5,,0.0,0.0,,,50.9,Morning snack,0.0,,0.0,1284.0,UTC+0530,EmOHuC/o0o,,30.4,0.2,com.sec.android.app.shealth,,,146.4,,,,9fdb5489-5bce-48a0-84a8-135fb119caea,,
,70.0,62720090,0.7,3.1,0.0,,,0.0,,2024-09-02 16:30:13.191,,,,,,,,,41.0,,,62720090,0.4,0.0,2024-09-02 16:30:13.192,2024-09-02 16:29:56.608,100001,,0.0,0.2,,0.0,0.8,,,5.5,Breakfast,0.0,,0.4,257.0,UTC+0530,EmOHuC/o0o,,0.0,0.0,com.sec.android.app.shealth,,,6.2,,,,401c6ec0-90bf-4b0b-bc3b-0fa44dcefcdd,,
,0.0,62720090,0.0,0.0,0.0,,,0.0,,2024-09-02 16:31:40.480,,,,,,,,,980.0,,,62720090,0.0,12.8,2024-09-02 16:31:40.482,2024-09-02 16:31:40.482,100002,,0.0,15.6,,0.0,0.0,,,0.0,Lunch,0.0,,0.0,357.0,UTC+0530,EmOHuC/o0o,,4.5,0.0,com.sec.android.app.shealth,,,44.8,,,,3ca6c1e1-aab1-45ac-8a93-4e77573d648f,,
,61.0,62720090,0.2,0.0,0.0,,,12.0,,2024-09-02 16:32:05.920,,,,,,,,,50.0,,,62720090,0.7,4.6,2024-09-02 16:32:05.922,2024-09-02 16:32:05.922,100005,,1.7,1.6,,1.6,5.9,,,12.5,Afternoon snack,0.0,,0.8,129.0,UTC+0530,EmOHuC/o0o,,0.9,0.0,com.sec.android.app.shealth,,,21.2,,,,3743e03c-2dc6-42ca-b295-f7e810d06219,,
,552.5,62720090,13.3,0.0,0.0,,,217.5,,2024-09-02 16:32:53.697,,,,,,,,,1012.5,,,62720090,0.0,33.5,2024-09-02 16:32:53.699,2024-09-02 16:32:53.699,100003,,13.0,67.5,,7.2,17.3,,,0.0,Dinner,0.0,,2.8,592.0,UTC+0530,EmOHuC/o0o,,9.2,0.0,com.sec.android.app.shealth,,,0.0,,,,f2683456-5843-468d-987e-81de009f13e6,,
,72.0,62720090,12.6,0.3,0.0,,,44.0,,2024-09-02 16:33:31.944,,,,,,,,,166.0,,,62720090,0.3,18.0,2024-09-02 16:33:31.946,2024-09-02 16:33:31.946,100006,,6.9,4.4,,1.2,2.7,,,0.0,Evening snack,0.0,,3.1,257.0,UTC+0530,EmOHuC/o0o,,7.9,0.0,com.sec.android.app.shealth,,,20.4,,,,ed0e2051-9190-4e0b-8681-2935f031ac09,,
,62.0,62720090,0.1,0.0,0.0,,,0.0,,2024-09-02 16:33:56.709,,,,,,,,,6.0,,,62720090,0.0,1.1,2024-09-02 16:33:56.710,2024-09-02 16:31:05.371,100004,,0.0,0.7,,0.0,50.3,,,0.2,Morning snack,0.0,,2.3,17.0,UTC+0530,EmOHuC/o0o,,0.0,0.0,com.sec.android.app.shealth,,,0.9,,,,b9cc6c2a-fc4e-48bf-b361-5a70dcc52590,,
,0.0,62720090,0.0,0.0,0.0,,,5.0,,2024-09-03 15:30:00.000,,,,,,,,,201.0,,,62720090,0.0,1.5,2024-09-03 18:34:08.768,2024-09-03 18:34:08.768,100006,,0.0,5.1,,0.0,0.0,,,26.0,Evening snack,0.0,,0.0,162.0,UTC+0530,EmOHuC/o0o,,1.0,0.0,com.sec.android.app.shealth,,,32.0,,,,7e1ab2d4-e0a7-49dc-adba-024ba15c7168,,
,437.0,62720090,2.5,0.5,0.0,,,88.0,,2024-09-03 18:27:08.905,,,,,,,,,831.0,,,62720090,9.4,24.0,2024-09-03 18:27:08.908,2024-09-03 18:27:08.908,100002,,9.4,35.0,,7.7,5.3,,,0.5,Lunch,0.0,,3.3,649.0,UTC+0530,EmOHuC/o0o,,5.9,0.0,com.sec.android.app.shealth,,,71.9,,,,4211bb4b-5c54-4b02-bfac-236d82216312,,
,639.9,62720090,15.1,170.7,0.0,,,0.0,,2024-09-03 18:27:26.637,,,,,,,,,7.4,,,62720090,4.4,0.2,2024-09-03 18:27:26.639,2024-09-03 18:24:31.231,100001,,0.0,1.4,,0.0,1.3,,,14.6,Breakfast,0.0,,4.5,97.0,UTC+0530,EmOHuC/o0o,,0.0,0.0,com.sec.android.app.shealth,,,24.4,,,,371f7a12-afab-4c6a-85c4-05539cb664d8,,
,0.0,62720090,0.0,0.0,0.0,,,0.0,,2024-09-03 18:28:30.260,,,,,,,,,0.0,,,62720090,0.0,1.0,2024-09-03 18:28:30.264,2024-09-03 18:28:11.353,100004,,0.0,0.4,,0.0,50.0,,,0.0,Morning snack,0.0,,1.5,11.0,UTC+0530,EmOHuC/o0o,,0.0,0.0,com.sec.android.app.shealth,,,0.1,,,,ddae741c-e3a3-4edd-8689-3d8cdf6e7ac3,,
,73.0,62720090,0.7,0.0,0.0,,,3.0,,2024-09-03 18:29:23.390,,,,,,,,,686.0,,,62720090,3.3,29.2,2024-09-03 18:29:23.393,2024-09-03 18:27:50.170,100005,,9.0,9.7,,3.1,0.1,,,9.3,Afternoon snack,0.0,,2.5,479.0,UTC+0530,EmOHuC/o0o,,12.9,0.0,com.sec.android.app.shealth,,,44.3,,,,aa4d86ed-fbdd-4191-a3e7-972621e634f5,,
,690.0,62720090,1.9,0.0,0.0,,,272.5,,2024-09-03 12:30:00.000,,,,,,,,,247.5,,,62720090,0.0,13.2,2024-09-03 18:32:28.133,2024-09-03 18:32:28.133,100003,,4.2,125.0,,2.5,15.8,,,1.0,Dinner,0.0,,3.0,759.0,UTC+0530,EmOHuC/o0o,,3.5,0.0,com.sec.android.app.shealth,,,29.2,,,,cafb9e72-8b6e-4b5c-8bea-2eb5746c39ee,,
,1018.0,62720090,2.6,101.5,0.0,,,0.0,,2024-09-04 10:37:46.540,,,,,,,,,2.5,,,62720090,11.0,1.7,2024-09-04 10:37:46.540,2024-09-04 10:37:01.178,100001,,0.0,3.7,,0.0,54.2,,,48.1,Breakfast,0.0,,6.8,302.0,UTC+0530,EmOHuC/o0o,,0.1,0.0,com.sec.android.app.shealth,,,74.7,,,,fc543dbf-755c-4fe7-8e69-914c62c78f50,,
,62.0,62720090,0.1,0.0,0.0,,,0.0,,2024-09-04 10:37:27.008,,,,,,,,,6.0,,,62720090,0.0,0.1,2024-09-04 10:37:27.010,2024-09-04 10:37:27.010,100004,,0.0,0.3,,0.0,0.3,,,0.2,Morning snack,0.0,,0.8,6.0,UTC+0530,EmOHuC/o0o,,0.0,0.0,com.sec.android.app.shealth,,,0.8,,,,b7e9a2e0-8195-463c-9bbb-8d55d0d6ca90,,
,249.0,62720090,7.0,5.6,0.0,,,35.0,,2024-09-04 10:40:52.601,,,,,,,,,694.0,,,62720090,0.9,9.6,2024-09-04 10:40:52.603,2024-09-04 10:40:52.603,100002,,2.8,20.4,,1.8,5.2,,,3.5,Lunch,0.0,,1.3,379.0,UTC+0530,EmOHuC/o0o,,1.3,0.0,com.sec.android.app.shealth,,,52.7,,,,b850c0b3-d187-46f0-8f82-01d7d0114b9b,,
,0.0,62720090,0.0,0.0,0.0,,,0.0,,2024-09-04 10:42:24.997,,,,,,,,,30.9,,,62720090,0.0,3.3,2024-09-04 10:42:24.998,2024-09-04 10:39:48.747,100005,,0.0,0.7,,0.0,0.0,,,7.5,Afternoon snack,0.0,,0.0,73.0,UTC+0530,EmOHuC/o0o,,2.9,0.0,com.sec.android.app.shealth,,,10.0,,,,806453f0-037a-4a53-b58a-a333e2b0a3e5,,
,0.0,62720090,0.0,0.0,0.0,,,6.0,,2024-09-04 10:43:14.481,,,,,,,,,45.2,,,62720090,0.6,8.4,2024-09-04 10:43:14.483,2024-09-04 10:43:14.483,100006,,0.0,2.2,,0.0,0.0,,,16.6,Evening snack,0.0,,0.0,154.0,UTC+0530,EmOHuC/o0o,,5.0,0.0,com.sec.android.app.shealth,,,17.5,,,,2d506966-1289-48b4-9744-dcae2feddc84,,
,752.7,62720090,23.1,11.9,0.0,,,296.5,,2024-09-04 16:28:54.136,,,,,,,,,1514.0,,,62720090,1.1,38.7,2024-09-04 16:28:54.138,2024-09-04 16:27:05.547,100003,,14.4,120.3,,5.2,18.4,,,26.8,Dinner,0.0,,6.6,1043.0,UTC+0530,EmOHuC/o0o,,13.6,0.0,com.sec.android.app.shealth,,,50.1,,,,205aac79-4b9d-40b8-b009-9ef80edd63eb,,
,604.4,62820030,2.1,0.0,0.0,,,179.4,,2024-11-12 05:52:34.028,,,,,,,,,845.6,,,62820030,0.1,8.1,2024-11-12 05:52:34.031,2024-11-12 05:52:34.031,100001,,2.7,65.3,,1.4,12.2,,,4.8,Breakfast,0.0,,4.9,588.0,UTC+0530,EmOHuC/o0o,,2.5,0.0,com.sec.android.app.shealth,,,6.3,,,,c0e085f6-7b62-4038-988f-7f6856e9530d,,
,0.0,62820030,0.0,0.0,0.0,,,0.0,,2024-11-12 15:32:52.924,,,,,,,,,0.0,,,62820030,0.0,1.0,2024-11-12 15:32:52.925,2024-11-12 15:32:52.925,100004,,0.0,0.4,,0.0,50.0,,,0.0,Morning snack,0.0,,1.5,11.0,UTC+0530,EmOHuC/o0o,,0.0,0.0,com.sec.android.app.shealth,,,0.1,,,,a0d46514-99f4-4192-9d5e-abc71064342c,,
,194.0,62820030,0.1,0.1,0.0,,,0.0,,2024-11-12 15:33:43.125,,,,,,,,,8.4,,,62820030,0.6,8.8,2024-11-12 15:33:43.127,2024-11-12 15:33:43.127,100006,,4.7,3.9,,1.5,7.7,,,1.3,Evening snack,0.0,,1.4,116.0,UTC+0530,EmOHuC/o0o,,1.5,0.0,com.sec.android.app.shealth,,,6.8,,,,b8d9bbb2-8135-4056-9bd1-6d1581dad442,,
,0.0,62820030,15.0,0.0,0.0,,,90.0,,2024-11-12 16:32:53.087,,,,,,,,,120.8,,,62820030,0.0,27.5,2024-11-12 16:32:53.087,2024-11-12 15:32:28.618,100003,,0.0,95.3,,0.0,0.0,,,9.8,Dinner,0.0,,50.0,1491.0,UTC+0530,EmOHuC/o0o,,17.8,0.5,com.sec.android.app.shealth,,,41.6,,,,cb75f3ed-d646-40f0-8862-c3a2bf1aac04,,
,359.2,62820030,7.3,5.6,0.0,,,35.0,,2024-11-13 08:26:10.525,,,,,,,,,865.2,,,62820030,2.9,9.7,2024-11-13 08:26:10.529,2024-11-13 08:26:10.529,100002,,2.8,22.8,,1.8,8.5,,,8.0,Lunch,0.0,,2.6,426.0,UTC+0530,EmOHuC/o0o,,1.3,0.0,com.sec.android.app.shealth,,,63.4,,,,789e9213-04a1-47f0-a5c0-224ff4a43762,,
,0.0,62820030,0.0,0.0,0.0,,,0.0,,2024-11-13 08:27:33.201,,,,,,,,,13.2,,,62820030,2.3,13.3,2024-11-13 08:27:33.203,2024-11-13 08:27:33.203,100005,,4.2,7.1,,4.8,50.0,,,14.4,Afternoon snack,0.0,,1.5,303.0,UTC+0530,EmOHuC/o0o,,1.4,0.0,com.sec.android.app.shealth,,,18.8,,,,b4ba5aad-f1e0-465e-b996-4da3837aef5a,,
,527.4,62820030,7.2,53.1,0.0,,,45.0,,2024-11-13 16:13:05.498,,,,,,,,,305.4,,,62820030,13.4,18.8,2024-11-13 16:13:05.501,2024-11-13 16:11:57.967,100003,,0.0,58.1,,0.0,2.1,,,51.7,Dinner,0.0,,2.3,951.0,UTC+0530,EmOHuC/o0o,,0.5,0.0,com.sec.android.app.shealth,,,139.7,,,,c2dbf09e-2dbf-4dde-9c19-73578029c74d,,
,23.8,62820030,0.0,0.0,0.0,,,1.6,,2024-11-13 16:22:27.738,,,,,,,,,12.2,,,62820030,0.1,2.3,2024-11-13 16:22:27.741,2024-11-13 16:22:27.741,100006,,0.5,0.6,,0.2,0.0,,,4.6,Evening snack,0.0,,0.0,46.0,UTC+0530,EmOHuC/o0o,,1.5,0.0,com.sec.android.app.shealth,,,5.7,,,,cb3fce9d-60f1-4c11-aa53-f04b815eb870,,
,635.0,62820030,1.6,0.0,0.0,,,210.0,,2024-11-13 02:30:00.000,,,,,,,,,990.0,,,62820030,0.0,8.7,2024-11-14 03:15:37.676,2024-11-13 08:24:08.798,100001,,3.0,76.7,,1.7,14.3,,,0.0,Breakfast,0.0,,2.8,416.0,UTC+0530,EmOHuC/o0o,,2.5,0.0,com.sec.android.app.shealth,,,1.4,,,,feac8268-d972-490d-9ac0-8587ba9edf88,,
,614.4,62820030,1.6,0.0,0.0,,,204.0,,2024-11-14 15:12:08.562,,,,,,,,,177.6,,,62820030,0.0,9.4,2024-11-14 15:12:08.565,2024-11-14 08:17:11.727,100001,,2.8,74.8,,1.6,63.9,,,0.0,Breakfast,0.0,,4.3,407.0,UTC+0530,EmOHuC/o0o,,2.4,0.0,com.sec.android.app.shealth,,,0.1,,,,2e19d7fc-560d-4145-8abc-c23c9c057e0b,,
,172.5,62820030,1.1,0.0,0.0,,,4.5,,2024-11-14 15:16:23.425,,,,,,,,,22.2,,,62820030,0.4,5.5,2024-11-14 15:16:23.427,2024-11-14 15:16:23.427,100006,,2.6,3.1,,0.7,3.9,,,7.7,Evening snack,0.0,,4.0,100.0,UTC+0530,EmOHuC/o0o,,1.3,0.0,com.sec.android.app.shealth,,,10.3,,,,81cc5058-32ab-4ef3-8de9-fab8daa45b74,,
,521.7,62820030,0.5,13.5,0.0,,,206.8,,2024-11-14 15:17:49.242,,,,,,,,,803.3,,,62820030,3.7,41.8,2024-11-14 15:17:49.243,2024-11-14 15:15:06.781,100002,,0.5,55.9,,0.2,2.0,,,33.0,Lunch,0.0,,0.5,1016.0,UTC+0530,EmOHuC/o0o,,14.3,0.0,com.sec.android.app.shealth,,,109.7,,,,431f90df-dc25-4e2f-8f37-c5c7027e4128,,
,907.8,62820030,38.5,149.2,0.0,,,261.8,,2024-11-14 17:02:21.403,,,,,,,,,1158.0,,,62820030,5.5,16.5,2024-11-14 17:02:21.405,2024-11-14 17:02:21.405,100003,,5.2,33.8,,1.3,14.7,,,41.4,Dinner,0.0,,24.4,486.0,UTC+0530,EmOHuC/o0o,,7.4,0.0,com.sec.android.app.shealth,,,52.3,,,,b9b8ccba-b6a5-4f09-8ccd-4235bef96c47,,
,625.5,62820030,36.7,14.0,0.0,,,49.5,,2024-11-15 16:39:47.838,,,,,,,,,72.2,,,62820030,3.9,33.5,2024-11-15 16:39:47.840,2024-11-15 16:39:47.840,100001,,0.3,44.1,,0.0,52.4,,,25.9,Breakfast,0.0,,55.9,743.0,UTC+0530,EmOHuC/o0o,,19.7,0.5,com.sec.android.app.shealth,,,69.8,,,,70442e9b-6423-40ed-9479-41125e2d7af4,,
,0.0,62820030,0.0,0.0,0.0,,,0.0,,2024-11-15 16:42:21.353,,,,,,,,,0.0,,,62820030,6.0,21.0,2024-11-15 16:42:21.354,2024-11-15 16:42:21.354,100002,,0.0,40.0,,0.0,0.0,,,0.0,Lunch,0.0,,0.0,459.0,UTC+0530,EmOHuC/o0o,,0.0,0.0,com.sec.android.app.shealth,,,27.0,,,,964bd7bd-30d0-48a0-a78f-c2882d25ce57,,
,289.5,62820030,4.8,5.1,0.0,,,110.0,,2024-11-15 16:43:50.775,,,,,,,,,674.5,,,62820030,1.4,16.9,2024-11-15 16:43:50.777,2024-11-15 16:43:50.777,100006,,7.1,13.7,,4.6,18.1,,,1.3,Evening snack,0.0,,3.9,450.0,UTC+0530,EmOHuC/o0o,,3.9,0.0,com.sec.android.app.shealth,,,61.2,,,,a315fa03-977d-4e45-af5e-163c22a6f017,,
,1029.5,62820030,7.3,58.3,0.0,,,3.0,,2024-11-16 03:59:20.085,,,,,,,,,80.7,,,62820030,8.4,17.3,2024-11-16 03:59:20.087,2024-11-16 03:59:20.087,100001,,0.2,11.7,,0.0,4.1,,,58.5,Breakfast,0.0,,5.0,664.0,UTC+0530,EmOHuC/o0o,,9.3,0.1,com.sec.android.app.shealth,,,121.1,,,,d78659b9-ef7c-487e-906a-4e500178db82,,
,0.0,62820030,0.0,0.0,0.0,,,0.0,,2024-11-15 12:30:00.000,,,,,,,,,0.0,,,62820030,0.0,0.0,2024-11-16 04:02:04.641,2024-11-16 04:02:04.641,100003,,0.0,36.0,,0.0,0.0,,,0.0,Dinner,0.0,,0.0,789.0,UTC+0530,EmOHuC/o0o,,0.0,0.0,com.sec.android.app.shealth,,,0.0,,,,73d38978-ef27-4956-9b97-2d5210f8f0b7,,
,291.5,62820030,12.4,3.0,0.0,,,93.0,,2024-11-16 11:36:17.750,,,,,,,,,1022.3,,,62820030,1.9,30.8,2024-11-16 11:36:17.752,2024-11-16 11:36:17.752,100005,,2.3,28.5,,1.0,17.6,,,44.7,Afternoon snack,0.0,,4.1,881.0,UTC+0530,EmOHuC/o0o,,14.3,0.1,com.sec.android.app.shealth,,,123.9,,,,ecdc1bb8-5074-4d9d-a5b1-338f5f97cc9b,,
,524.0,62820030,19.9,2.4,20.0,,,264.0,,2024-11-16 12:30:00.000,,,,,,,,,1659.0,,,62820030,1.4,39.0,2024-11-17 14:42:32.497,2024-11-17 14:42:32.497,100003,,7.8,68.7,,4.1,33.1,,,1.6,Dinner,0.0,,9.0,909.0,UTC+0530,EmOHuC/o0o,,15.1,0.0,com.sec.android.app.shealth,,,66.7,,,,67eaeced-d48c-4ea3-b265-33e3a992f3f8,,
,0.0,62820030,0.0,0.0,0.0,,,45.0,,2024-11-17 14:44:04.867,,,,,,,,,483.5,,,62820030,3.4,3.3,2024-11-17 14:44:04.869,2024-11-17 14:44:04.869,100001,,0.4,48.3,,0.2,0.0,,,44.4,Breakfast,0.0,,0.0,614.0,UTC+0530,EmOHuC/o0o,,1.3,0.0,com.sec.android.app.shealth,,,100.0,,,,ddb12aba-f4e4-44ee-8a83-695256ad87cb,,
,28.0,62820030,0.2,5.8,0.0,,,0.0,,2024-11-17 14:45:04.588,,,,,,,,,1054.0,,,62820030,0.6,36.3,2024-11-17 14:45:04.591,2024-11-17 14:45:04.591,100002,,0.0,26.3,,0.0,1.0,,,47.5,Lunch,0.0,,1.3,822.0,UTC+0530,EmOHuC/o0o,,8.1,0.0,com.sec.android.app.shealth,,,99.6,,,,c493263e-1ddb-406b-8a50-ffc25edd192e,,
,618.0,62820030,11.9,3.3,29.9,,,356.5,,2024-11-17 14:47:59.560,,,,,,,,,1600.0,,,62820030,4.5,50.0,2024-11-17 14:47:59.561,2024-11-17 14:47:59.561,100003,,13.6,85.5,,10.0,28.3,,,16.0,Dinner,0.0,,7.2,1212.0,UTC+0530,EmOHuC/o0o,,17.0,0.1,com.sec.android.app.shealth,,,101.4,,,,598b174f-75c6-4d4d-8ce7-0e2f8bd31626,,
,592.4,62820030,8.1,0.0,0.0,,,361.4,,2024-11-18 14:31:17.702,,,,,,,,,1170.6,,,62820030,0.0,14.6,2024-11-18 14:31:17.708,2024-11-18 14:31:17.708,100002,,4.1,78.9,,1.9,16.4,,,1.8,Lunch,0.0,,4.2,663.0,UTC+0530,EmOHuC/o0o,,3.4,0.0,com.sec.android.app.shealth,,,48.3,,,,451c1e6d-b030-4d30-8787-37c4a7d77f30,,
,568.9,62820030,1.3,13.5,0.0,,,3.0,,2024-11-18 14:32:11.953,,,,,,,,,168.1,,,62820030,6.2,7.6,2024-11-18 14:32:11.956,2024-11-18 14:27:51.747,100001,,0.2,4.7,,0.0,52.2,,,21.7,Breakfast,0.0,,4.5,498.0,UTC+0530,EmOHuC/o0o,,2.5,0.0,com.sec.android.app.shealth,,,47.1,,,,49be42e6-5b86-427d-8f2e-1af238cf255f,,
,496.0,62820030,2.7,137.7,0.0,,,0.0,,2024-11-18 14:32:49.180,,,,,,,,,2.0,,,62820030,0.5,0.5,2024-11-18 14:32:49.182,2024-11-18 14:32:49.182,100004,,0.0,1.7,,0.0,2.7,,,20.8,Morning snack,0.0,,2.0,112.0,UTC+0530,EmOHuC/o0o,,0.0,0.0,com.sec.android.app.shealth,,,25.7,,,,40612f5a-fa19-4d09-a9dd-527132ce9c59,,
,0.0,62820030,0.0,0.0,0.0,,,0.0,,2024-11-18 14:33:27.536,,,,,,,,,8.2,,,62820030,1.4,7.7,2024-11-18 14:33:27.538,2024-11-18 14:33:27.538,100006,,2.6,4.2,,3.0,0.0,,,9.0,Evening snack,0.0,,0.0,133.0,UTC+0530,EmOHuC/o0o,,0.9,0.0,com.sec.android.app.shealth,,,11.7,,,,522ce263-14d3-47d2-97f3-a04f2bf1328d,,
,575.0,62820030,218.6,35.5,0.0,,,45.0,,2024-11-18 17:28:50.821,,,,,,,,,571.0,,,62820030,9.2,3.2,2024-11-18 17:28:50.839,2024-11-18 14:35:09.823,100003,,0.3,50.9,,0.1,10.0,,,56.0,Dinner,0.0,,5.1,783.0,UTC+0530,EmOHuC/o0o,,1.1,0.0,com.sec.android.app.shealth,,,139.8,,,,84e9ecc3-9f20-4073-a673-9402a2856565,,
,1203.9,62820030,3.0,13.5,0.0,,,213.0,,2024-11-19 08:47:20.398,,,,,,,,,1005.1,,,62820030,3.7,10.8,2024-11-19 08:47:20.399,2024-11-19 08:47:20.399,100001,,3.2,79.4,,1.7,66.5,,,21.7,Breakfast,0.0,,7.4,581.0,UTC+0530,EmOHuC/o0o,,3.0,0.0,com.sec.android.app.shealth,,,38.1,,,,caa0772d-13eb-402e-bda7-0a54af456988,,
,0.0,62820030,0.0,0.0,0.0,,,0.0,,2024-11-19 08:53:46.359,,,,,,,,,0.0,,,62820030,6.5,34.0,2024-11-19 08:53:46.362,2024-11-19 08:53:46.362,100002,,0.0,51.0,,0.0,0.0,,,0.0,Lunch,0.0,,0.0,704.0,UTC+0530,EmOHuC/o0o,,0.0,0.0,com.sec.android.app.shealth,,,48.0,,,,8acc6434-84e6-455c-8d0b-d9cb9b9368d2,,
,1474.9,62820030,227.3,195.3,0.0,,,230.0,,2024-11-19 16:14:13.545,,,,,,,,,355.2,,,62820030,14.6,23.2,2024-11-19 16:14:13.548,2024-11-19 15:26:25.518,100003,,8.6,14.7,,1.8,17.5,,,51.0,Dinner,0.0,,14.8,699.0,UTC+0530,EmOHuC/o0o,,9.3,0.0,com.sec.android.app.shealth,,,113.4,,,,201287f1-c226-41a1-ba2e-bba60584007a,,
,693.0,62820030,1.6,0.0,0.0,,,210.0,,2024-11-20 13:35:06.495,,,,,,,,,1237.0,,,62820030,1.7,13.0,2024-11-20 13:35:06.498,2024-11-20 13:35:06.498,100001,,4.3,79.8,,2.9,69.6,,,0.0,Breakfast,0.0,,4.8,534.0,UTC+0530,EmOHuC/o0o,,3.0,0.0,com.sec.android.app.shealth,,,18.3,,,,ea89ac9f-9051-4f49-99c3-3be373eda6d9,,
,202.8,62820030,1.3,18.8,0.0,,,0.0,,2024-11-20 13:42:13.036,,,,,,,,,1.2,,,62820030,0.1,6.6,2024-11-20 13:42:13.038,2024-11-20 13:42:13.038,100006,,0.0,3.9,,0.4,4.0,,,14.0,Evening snack,0.0,,1.3,189.0,UTC+0530,EmOHuC/o0o,,2.7,0.0,com.sec.android.app.shealth,,,28.4,,,,6dee5b20-58a0-4e01-a943-f8ea3e48a3a9,,
,143.4,62820030,56.3,2.4,0.0,,,0.3,,2024-11-20 13:38:05.726,,,,,,,,,396.0,,,62820030,1.8,3.0,2024-11-20 13:38:05.727,2024-11-20 13:38:05.727,100002,,0.0,9.4,,0.0,1.1,,,3.5,Lunch,0.0,,1.4,276.0,UTC+0530,EmOHuC/o0o,,0.0,0.0,com.sec.android.app.shealth,,,52.9,,,,05bba3b4-1623-4769-8679-c408c84fd964,,
,0.0,62820030,0.0,0.0,0.0,,,45.0,,2024-11-21 14:39:29.335,,,,,,,,,300.0,,,62820030,0.0,18.8,2024-11-21 14:39:29.336,2024-11-21 14:33:01.797,100006,,0.0,43.8,,0.0,0.0,,,38.5,Evening snack,0.0,,0.0,520.0,UTC+0530,EmOHuC/o0o,,12.0,0.2,com.sec.android.app.shealth,,,44.2,,,,217b0cd2-51a7-4b9b-9d5b-f2369f8d5e17,,
,0.0,62820030,0.0,0.0,0.0,,,0.0,,2024-11-21 14:40:48.165,,,,,,,,,0.0,,,62820030,0.0,1.0,2024-11-21 14:40:48.166,2024-11-21 14:40:33.781,100004,,0.0,0.4,,0.0,50.0,,,0.0,Morning snack,0.0,,1.5,17.0,UTC+0530,EmOHuC/o0o,,0.0,0.0,com.sec.android.app.shealth,,,1.5,,,,fa6547b1-04da-494a-a0e0-5b2a0f0fb927,,
,0.0,62820030,0.0,0.0,0.0,,,45.0,,2024-11-20 12:30:00.000,,,,,,,,,1300.0,,,62820030,0.0,28.9,2024-11-21 14:30:11.392,2024-11-20 13:43:47.273,100003,,0.0,69.9,,0.0,0.0,,,26.5,Dinner,0.0,,0.0,879.0,UTC+0530,EmOHuC/o0o,,10.8,0.0,com.sec.android.app.shealth,,,84.9,,,,bfa96f7a-af43-49a7-ab50-ba9fdadb76b5,,
,0.0,62820030,0.0,0.0,0.0,,,0.0,,2024-11-21 14:37:06.041,,,,,,,,,0.0,,,62820030,0.0,0.0,2024-11-21 14:37:06.043,2024-11-21 14:37:06.043,100002,,0.0,47.5,,0.0,0.0,,,0.0,Lunch,0.0,,0.0,1044.0,UTC+0530,EmOHuC/o0o,,0.0,0.0,com.sec.android.app.shealth,,,0.0,,,,29aae6d3-311c-4fd4-a1bf-3b5eb80e7057,,
,496.0,62820030,2.7,137.7,0.0,,,0.0,,2024-11-22 14:39:05.965,,,,,,,,,2.0,,,62820030,0.5,0.5,2024-11-22 14:39:05.967,2024-11-22 14:39:05.967,100005,,0.0,1.7,,0.0,2.7,,,20.8,Afternoon snack,0.0,,2.0,112.0,UTC+0530,EmOHuC/o0o,,0.0,0.0,com.sec.android.app.shealth,,,25.7,,,,d67ab7eb-2ac4-49ef-a711-76358f18e0df,,
,268.0,62820030,1.2,75.1,0.0,,,0.0,,2024-11-21 12:30:00.000,,,,,,,,,11.0,,,62820030,3.4,1.6,2024-11-22 14:08:43.716,2024-11-22 14:08:43.716,100003,,0.1,1.2,,0.0,2.1,,,20.4,Dinner,0.0,,3.3,108.0,UTC+0530,EmOHuC/o0o,,1.2,0.0,com.sec.android.app.shealth,,,25.0,,,,6ad4856a-b28f-4369-9d56-aa24a77798df,,
,0.0,62820030,0.0,0.0,0.0,,,1.4,,2024-11-22 14:35:34.023,,,,,,,,,274.9,,,62820030,2.8,32.1,2024-11-22 14:35:34.025,2024-11-22 14:35:34.025,100006,,0.0,6.1,,0.0,0.0,,,66.2,Evening snack,0.0,,0.0,616.0,UTC+0530,EmOHuC/o0o,,14.8,0.0,com.sec.android.app.shealth,,,80.7,,,,a1ef96b3-b49c-491b-9d31-2b2f12e3e4ae,,
,0.0,62820030,0.0,0.0,0.0,,,1.4,,2024-11-22 14:35:34.032,,,,,,,,,274.9,,,62820030,2.8,32.1,2024-11-22 14:35:34.033,2024-11-22 14:35:34.033,100006,,0.0,6.1,,0.0,0.0,,,66.2,Evening snack,0.0,,0.0,616.0,UTC+0530,EmOHuC/o0o,,14.8,0.0,com.sec.android.app.shealth,,,80.7,,,,0ffb70bb-50e6-4cde-815f-96eaa13cd4da,,
,491.0,62820030,14.8,9.4,0.0,,,114.5,,2024-11-22 16:09:58.461,,,,,,,,,1188.8,,,62820030,2.1,21.4,2024-11-22 16:09:58.467,2024-11-22 14:38:25.980,100002,,8.0,20.4,,7.2,21.5,,,3.4,Lunch,0.0,,3.8,449.0,UTC+0530,EmOHuC/o0o,,4.2,0.0,com.sec.android.app.shealth,,,42.5,,,,8644b455-5e9c-4754-be16-d6dba560e485,,
,238.7,62820030,6.3,0.7,0.0,,,67.8,,2024-11-22 16:10:34.758,,,,,,,,,378.2,,,62820030,1.9,20.5,2024-11-22 16:10:34.762,2024-11-22 14:37:41.840,100001,,2.9,21.8,,1.4,17.0,,,5.9,Breakfast,0.0,,6.0,650.0,UTC+0530,EmOHuC/o0o,,4.4,0.0,com.sec.android.app.shealth,,,94.3,,,,45d64e32-05a6-4f5a-a8e1-dc7a11fb5cfb,,
,477.8,62820030,14.2,9.2,0.0,,,116.3,,2024-11-22 16:12:20.449,,,,,,,,,1185.8,,,62820030,2.2,21.1,2024-11-22 16:12:20.451,2024-11-22 16:12:20.451,100003,,7.8,20.3,,7.2,21.6,,,3.4,Dinner,0.0,,3.9,450.0,UTC+0530,EmOHuC/o0o,,4.1,0.0,com.sec.android.app.shealth,,,43.4,,,,fdbfff00-463d-4ab9-9e1d-6f0125c48625,,
,143.0,62820030,1.5,3.1,0.0,,,11.0,,2024-11-25 02:30:00.000,,,,,,,,,210.7,,,62820030,4.9,11.5,2024-11-26 05:33:18.330,2024-11-26 05:33:18.330,100001,,0.2,10.2,,0.0,1.0,,,6.8,Breakfast,0.0,,2.9,456.0,UTC+0530,EmOHuC/o0o,,4.5,1.6,com.sec.android.app.shealth,,,55.7,,,,2b254c4b-45d2-48d6-9931-80579b058ef3,,
,0.0,62820030,0.0,0.0,0.0,,,0.0,,2024-11-25 04:30:00.000,,,,,,,,,0.0,,,62820030,0.0,0.0,2024-11-26 05:34:34.311,2024-11-26 05:34:18.816,100004,,0.0,0.0,,0.0,0.0,,,0.0,Morning snack,0.0,,0.0,6.0,UTC+0530,EmOHuC/o0o,,0.0,0.0,com.sec.android.app.shealth,,,1.4,,,,c7857138-c087-4f23-aeec-94a39e0fbb38,,
,0.0,62820030,0.0,0.0,0.0,,,0.0,,2024-11-25 09:30:00.000,,,,,,,,,0.0,,,62820030,0.0,0.0,2024-11-26 05:34:42.219,2024-11-26 05:34:42.219,100005,,0.0,0.0,,0.0,0.0,,,0.0,Afternoon snack,0.0,,0.0,6.0,UTC+0530,EmOHuC/o0o,,0.0,0.0,com.sec.android.app.shealth,,,1.4,,,,342fd323-1f77-47c8-ae21-3debe10b9052,,
,153.9,62820030,0.4,7.2,0.0,,,0.0,,2024-11-25 15:30:00.000,,,,,,,,,1.0,,,62820030,3.4,0.2,2024-11-26 05:36:26.570,2024-11-26 05:36:26.570,100006,,0.0,0.3,,0.0,0.9,,,14.8,Evening snack,0.0,,0.6,75.0,UTC+0530,EmOHuC/o0o,,0.0,0.0,com.sec.android.app.shealth,,,19.7,,,,1e6de61f-d8cb-4fea-95ff-d7743fbd08b9,,
,0.0,62820030,0.0,0.0,0.0,,,45.0,,2024-11-25 12:30:00.000,,,,,,,,,972.0,,,62820030,7.0,39.0,2024-11-26 05:39:10.741,2024-11-26 05:38:22.160,100003,,0.0,114.5,,0.0,0.0,,,26.5,Dinner,0.0,,0.0,1400.0,UTC+0530,EmOHuC/o0o,,5.0,0.0,com.sec.android.app.shealth,,,150.0,,,,db13fc67-75fb-47b9-9f6e-382404d118e3,,
,203.8,62820030,29.8,3.3,0.0,,,185.0,,2024-11-25 06:30:00.000,,,,,,,,,356.5,,,62820030,0.9,7.3,2024-11-26 05:40:50.257,2024-11-26 05:35:53.613,100002,,1.6,14.9,,0.5,5.4,,,3.4,Lunch,0.0,,2.9,335.0,UTC+0530,EmOHuC/o0o,,1.3,0.0,com.sec.android.app.shealth,,,51.5,,,,8922f462-2f70-4b4a-b8a0-eb2df0692351,,
,0.0,62820030,0.0,0.0,0.0,,,0.0,,2024-11-26 05:45:25.291,,,,,,,,,0.0,,,62820030,0.0,1.0,2024-11-26 05:45:25.294,2024-11-26 05:45:25.294,100004,,0.0,0.4,,0.0,50.0,,,0.0,Morning snack,0.0,,1.5,17.0,UTC+0530,EmOHuC/o0o,,0.0,0.0,com.sec.android.app.shealth,,,1.5,,,,e5386e2a-e75e-41eb-8247-72a435c46771,,
,607.6,62820030,7.6,0.0,0.0,,,185.6,,2024-11-26 05:46:30.297,,,,,,,,,879.6,,,62820030,0.1,17.7,2024-11-26 05:46:30.300,2024-11-26 05:46:30.300,100001,,6.8,65.8,,3.5,13.1,,,1.3,Breakfast,0.0,,4.8,446.0,UTC+0530,EmOHuC/o0o,,5.0,0.0,com.sec.android.app.shealth,,,1.5,,,,fc04591e-1415-4ec7-8ee8-c9e5b1e87966,,
,72.0,62820030,12.6,0.3,0.0,,,44.0,,2024-11-26 15:51:10.673,,,,,,,,,166.0,,,62820030,0.3,18.0,2024-11-26 15:51:10.676,2024-11-26 15:51:10.676,100006,,6.9,4.4,,1.2,2.7,,,0.0,Evening snack,0.0,,3.1,257.0,UTC+0530,EmOHuC/o0o,,7.9,0.0,com.sec.android.app.shealth,,,20.4,,,,0f4aeab7-8375-49a4-bb5d-fc7290671970,,
,0.0,62820030,0.0,0.0,0.0,,,0.0,,2024-11-26 15:51:50.730,,,,,,,,,0.0,,,62820030,12.0,21.0,2024-11-26 15:51:50.731,2024-11-26 07:44:18.048,100002,,0.0,29.4,,0.0,50.0,,,0.0,Lunch,0.0,,1.5,499.0,UTC+0530,EmOHuC/o0o,,0.0,0.0,com.sec.android.app.shealth,,,50.1,,,,3c1e8f05-b522-4869-be93-32b071f957aa,,
,188.0,62820030,0.0,0.0,0.0,,,4.2,,2024-11-27 06:49:34.886,,,,,,,,,173.9,,,62820030,10.0,16.3,2024-11-27 06:49:34.886,2024-11-27 06:49:34.856,100004,,0.0,35.7,,0.0,0.0,,,9.9,Morning snack,0.0,,0.0,452.0,UTC+0530,EmOHuC/o0o,,3.4,0.0,com.sec.android.app.shealth,,,57.9,,,,e718c357-bbb2-4810-9f47-dd9f0a345d06,,
,636.2,62820030,2.2,0.0,0.0,,,190.0,,2024-11-27 06:55:14.507,,,,,,,,,177.8,,,62820030,0.1,9.8,2024-11-27 06:55:14.511,2024-11-27 06:50:51.893,100001,,2.8,69.5,,1.5,62.9,,,1.3,Breakfast,0.0,,6.5,409.0,UTC+0530,EmOHuC/o0o,,2.6,0.0,com.sec.android.app.shealth,,,5.3,,,,d9fd5c32-fd93-4fae-8d72-2a9533d16d07,,
,99.6,62820030,2.7,2.2,0.0,,,14.0,,2024-11-27 10:39:11.259,,,,,,,,,463.6,,,62820030,0.3,20.2,2024-11-27 10:39:11.263,2024-11-27 10:39:11.263,100002,,1.1,23.4,,0.7,2.0,,,1.3,Lunch,0.0,,0.5,398.0,UTC+0530,EmOHuC/o0o,,7.0,0.0,com.sec.android.app.shealth,,,30.7,,,,e02a38ab-32f4-4595-b742-c1edcb57ccec,,
,201.6,62820030,27.1,9.2,0.0,,,45.0,,2024-11-26 12:30:00.000,,,,,,,,,654.6,,,62820030,5.7,8.3,2024-11-27 06:41:38.316,2024-11-26 15:50:35.210,100003,,0.0,48.0,,0.0,68.0,,,46.2,Dinner,0.0,,2.7,719.0,UTC+0530,EmOHuC/o0o,,0.5,0.0,com.sec.android.app.shealth,,,118.0,,,,246cbf47-1f11-42d8-a126-ac8dc8c669a7,,
,1500.0,62820030,68.0,2.1,0.0,,,289.5,,2024-11-27 12:30:00.000,,,,,,,,,1113.5,,,62820030,15.3,43.6,2024-11-28 05:24:46.233,2024-11-28 05:24:46.233,100003,,4.5,41.7,,0.7,6.6,,,57.0,Dinner,0.0,,22.0,1001.0,UTC+0530,EmOHuC/o0o,,13.6,0.0,com.sec.android.app.shealth,,,87.5,,,,d11b2a52-b428-47e9-9736-d8cfc0291a70,,
,1500.0,62820030,68.0,2.1,0.0,,,289.5,,2024-11-27 12:30:00.000,,,,,,,,,1113.5,,,62820030,15.3,43.6,2024-11-28 05:24:46.257,2024-11-28 05:24:46.257,100003,,4.5,41.7,,0.7,6.6,,,57.0,Dinner,0.0,,22.0,1001.0,UTC+0530,EmOHuC/o0o,,13.6,0.0,com.sec.android.app.shealth,,,87.5,,,,03ea2a4c-d85a-41fb-bc79-864d4a134c6e,,
,0.0,62820030,0.0,0.0,0.0,,,0.0,,2024-11-28 14:24:27.756,,,,,,,,,244.3,,,62820030,0.0,3.4,2024-11-28 14:24:27.758,2024-11-28 14:24:27.758,100002,,0.0,10.4,,0.0,0.0,,,1.7,Lunch,0.0,,0.0,297.0,UTC+0530,EmOHuC/o0o,,0.0,0.0,com.sec.android.app.shealth,,,55.8,,,,712b10b9-b1a2-47f8-9d5a-7d90c87762e1,,
,473.2,62820030,9.9,13.0,0.0,,,68.0,,2024-11-28 14:59:16.421,,,,,,,,,511.2,,,62820030,6.0,18.8,2024-11-28 14:59:16.423,2024-11-28 07:58:17.213,100001,,6.2,12.3,,2.1,9.0,,,18.7,Breakfast,0.0,,12.1,512.0,UTC+0530,EmOHuC/o0o,,5.8,0.9,com.sec.android.app.shealth,,,77.8,,,,91036cee-fa55-4a89-ad54-decf56ebe677,,
,660.3,62820030,13.6,7.2,0.0,,,445.3,,2024-11-28 17:07:33.223,,,,,,,,,1583.7,,,62820030,0.5,18.4,2024-11-28 17:07:33.226,2024-11-28 14:25:37.180,100003,,5.3,86.8,,3.9,20.5,,,31.2,Dinner,0.0,,18.4,866.0,UTC+0530,EmOHuC/o0o,,4.1,0.0,com.sec.android.app.shealth,,,87.6,,,,81ea4f54-79c3-4b8e-90ea-1006f0f17686,,
,0.0,62820030,0.0,0.0,0.0,,,0.0,,2024-11-28 17:07:59.466,,,,,,,,,0.0,,,62820030,0.0,1.0,2024-11-28 17:07:59.468,2024-11-28 17:07:59.468,100004,,0.0,0.4,,0.0,50.0,,,0.0,Morning snack,0.0,,1.5,11.0,UTC+0530,EmOHuC/o0o,,0.0,0.0,com.sec.android.app.shealth,,,0.1,,,,d4367d39-f040-46c3-acb0-f74e5682ad40,,
,0.0,62820030,0.0,0.0,0.0,,,0.0,,2024-11-28 17:53:12.354,,,,,,,,,4.5,,,62820030,3.4,1.8,2024-11-28 17:53:12.357,2024-11-28 17:53:12.357,100006,,0.3,8.0,,0.3,0.0,,,17.6,Evening snack,0.0,,0.0,353.0,UTC+0530,EmOHuC/o0o,,0.6,0.0,com.sec.android.app.shealth,,,79.2,,,,31ccfe00-6626-4da9-b4e0-974562796075,,
,378.8,62820030,7.9,8.5,0.0,,,77.7,,2024-11-29 14:21:56.522,,,,,,,,,915.3,,,62820030,1.7,13.0,2024-11-29 14:21:56.524,2024-11-29 14:13:24.879,100001,,3.9,21.0,,3.9,12.3,,,4.0,Breakfast,0.0,,3.1,443.0,UTC+0530,EmOHuC/o0o,,2.0,0.0,com.sec.android.app.shealth,,,59.1,,,,4452db6b-d611-4dda-885e-82c27c3774fe,,
,508.0,62820030,1.3,0.0,0.0,,,229.0,,2024-11-29 17:49:07.816,,,,,,,,,2912.0,,,62820030,14.6,33.7,2024-11-29 17:49:07.818,2024-11-29 14:21:32.980,100003,,2.4,134.5,,1.4,11.4,,,26.5,Dinner,0.0,,2.3,1626.0,UTC+0530,EmOHuC/o0o,,16.3,0.6,com.sec.android.app.shealth,,,121.7,,,,c03d6307-eeed-4fb1-8243-890b7c43ded7,,
,0.0,62820030,0.0,0.0,0.0,,,0.0,,2024-11-30 10:03:22.860,,,,,,,,,0.0,,,62820030,4.0,12.0,2024-11-30 10:03:22.864,2024-11-30 09:58:49.669,100001,,0.0,10.8,,0.0,0.0,,,21.2,Breakfast,0.0,,0.0,329.0,UTC+0530,EmOHuC/o0o,,2.9,0.0,com.sec.android.app.shealth,,,47.2,,,,36dbb5bc-bc89-4e5c-ab35-5948f5a1af1f,,
,0.0,62820030,0.0,0.0,0.0,,,0.0,,2024-11-30 10:11:42.752,,,,,,,,,0.0,,,62820030,10.0,49.0,2024-11-30 10:11:42.759,2024-11-30 10:11:42.759,100002,,0.0,74.0,,0.0,0.0,,,0.0,Lunch,0.0,,0.0,962.0,UTC+0530,EmOHuC/o0o,,0.0,0.0,com.sec.android.app.shealth,,,56.0,,,,cac65079-c686-4366-a97c-d11fb7503678,,
,0.0,62820030,0.0,0.0,0.0,,,0.0,,2024-11-30 13:24:58.184,,,,,,,,,0.0,,,62820030,0.0,5.2,2024-11-30 13:24:58.188,2024-11-30 13:24:58.188,100006,,2.2,1.6,,0.5,0.0,,,1.2,Evening snack,0.0,,0.0,101.0,UTC+0530,EmOHuC/o0o,,2.4,0.0,com.sec.android.app.shealth,,,11.8,,,,16474581-731c-47eb-b4a9-4ef398d70cec,,
,256.8,62820030,0.0,0.6,0.0,,,45.0,,2024-11-30 14:52:30.647,,,,,,,,,106.4,,,62820030,7.6,27.5,2024-11-30 14:52:30.648,2024-11-30 13:31:21.453,100003,,1.6,45.9,,1.6,3.8,,,21.2,Dinner,0.0,,2.7,768.0,UTC+0530,EmOHuC/o0o,,1.3,0.0,com.sec.android.app.shealth,,,84.2,,,,2a2cd4a7-60cc-440e-bd88-b7a57e754245,,
,192.7,62820030,1.4,0.0,0.0,,,70.5,,2024-12-01 11:10:29.335,,,,,,,,,68.2,,,62820030,0.0,6.8,2024-12-01 11:10:29.337,2024-12-01 11:07:46.630,100002,,2.4,22.8,,1.5,5.6,,,0.0,Lunch,0.0,,0.9,764.0,UTC+0530,EmOHuC/o0o,,1.8,0.0,com.sec.android.app.shealth,,,1.2,,,,4a41e8e3-2b8e-436c-8940-e480eb54b26f,,
,95.4,62820030,0.0,0.0,0.0,,,6.4,,2024-12-01 12:12:50.551,,,,,,,,,48.9,,,62820030,0.6,9.3,2024-12-01 12:12:50.557,2024-12-01 12:12:50.557,100006,,2.2,2.7,,0.8,0.0,,,18.5,Evening snack,0.0,,0.0,185.0,UTC+0530,EmOHuC/o0o,,6.3,0.0,com.sec.android.app.shealth,,,22.8,,,,f5fa56ef-f593-4dd3-a105-20381adb7870,,
,0.0,62820030,0.0,0.0,0.0,,,0.0,,2024-12-01 15:52:47.817,,,,,,,,,2143.0,,,62820030,0.0,55.9,2024-12-01 15:52:47.819,2024-12-01 15:52:47.819,100003,,0.0,77.2,,0.0,0.0,,,10.2,Dinner,0.0,,0.0,1170.0,UTC+0530,EmOHuC/o0o,,20.6,0.1,com.sec.android.app.shealth,,,105.9,,,,2566fff7-3157-4260-82ff-21638cd172f1,,
,1394.9,62820030,9.3,29.6,0.0,,,249.0,,2024-12-02 16:48:09.461,,,,,,,,,1688.9,,,62820030,6.2,29.8,2024-12-02 16:48:09.462,2024-12-02 16:48:09.462,100003,,10.6,95.6,,7.1,31.3,,,4.6,Dinner,0.0,,4.0,894.0,UTC+0530,EmOHuC/o0o,,7.2,0.0,com.sec.android.app.shealth,,,57.2,,,,e00fb236-731d-4de1-9fec-fa6011a74930,,
,0.0,62820030,0.0,0.0,0.0,,,45.0,,2024-12-02 16:48:34.104,,,,,,,,,300.0,,,62820030,0.0,1.5,2024-12-02 16:48:34.106,2024-12-02 16:48:34.106,100006,,0.0,41.5,,0.0,0.0,,,26.5,Evening snack,0.0,,0.0,292.0,UTC+0530,EmOHuC/o0o,,0.5,0.0,com.sec.android.app.shealth,,,28.5,,,,025c011e-fbfd-4d69-bf22-46c773da061b,,
,1572.6,62820030,9.5,142.6,0.0,,,0.0,,2024-12-02 02:30:00.000,,,,,,,,,347.9,,,62820030,15.5,9.9,2024-12-03 03:45:13.410,2024-12-02 16:45:33.588,100001,,0.7,9.2,,0.4,7.5,,,54.6,Breakfast,0.0,,4.6,696.0,UTC+0530,EmOHuC/o0o,,2.5,0.0,com.sec.android.app.shealth,,,130.9,,,,78307749-734d-4b48-b4d1-52d8ae0815cc,,
,958.3,62820030,4.6,31.3,0.0,,,0.0,,2024-12-03 07:08:39.640,,,,,,,,,8.4,,,62820030,3.5,0.8,2024-12-03 07:08:39.642,2024-12-03 07:08:39.642,100001,,0.0,3.3,,0.0,6.1,,,52.5,Breakfast,0.0,,1.2,249.0,UTC+0530,EmOHuC/o0o,,0.0,0.0,com.sec.android.app.shealth,,,62.7,,,,1b79b302-3cfd-4c5a-9813-0d4da3dbf457,,
,613.2,62820030,1.5,0.0,0.0,,,193.2,,2024-12-03 15:57:15.654,,,,,,,,,910.8,,,62820030,0.3,8.2,2024-12-03 15:57:15.663,2024-12-03 15:57:15.663,100002,,2.7,72.9,,1.6,21.4,,,0.0,Lunch,0.0,,2.8,507.0,UTC+0530,EmOHuC/o0o,,2.3,0.0,com.sec.android.app.shealth,,,28.5,,,,aa79cad0-7c2a-4d35-a4f5-14992eba53fe,,
,511.6,62820030,11.0,5.3,0.0,,,234.9,,2024-12-03 12:30:00.000,,,,,,,,,966.7,,,62820030,9.3,24.4,2024-12-04 09:51:10.704,2024-12-04 09:50:39.310,100003,,10.5,59.5,,7.9,25.9,,,3.1,Dinner,0.0,,7.8,1115.0,UTC+0530,EmOHuC/o0o,,3.8,0.0,com.sec.android.app.shealth,,,13.0,,,,0968a05c-0619-4e7d-8235-3744fc24a29e,,
,254.0,62820030,0.6,0.0,0.0,,,84.0,,2024-12-04 09:54:28.012,,,,,,,,,487.8,,,62820030,0.0,5.0,2024-12-04 09:54:28.014,2024-12-04 09:54:20.908,100001,,1.2,37.3,,0.7,5.7,,,0.0,Breakfast,0.0,,1.1,424.0,UTC+0530,EmOHuC/o0o,,1.0,0.0,com.sec.android.app.shealth,,,55.1,,,,ce29f11d-f959-4cae-ae84-9e478090362c,,
,257.0,62820030,6.1,68.6,0.0,,,0.0,,2024-12-04 09:55:43.609,,,,,,,,,3.0,,,62820030,1.8,1.1,2024-12-04 09:55:43.610,2024-12-04 09:55:43.610,100004,,0.0,1.0,,0.0,50.6,,,5.9,Morning snack,0.0,,3.3,56.0,UTC+0530,EmOHuC/o0o,,0.0,0.0,com.sec.android.app.shealth,,,11.3,,,,2baef4b9-5b16-4d12-b357-f96ba6a2164d,,
,503.0,62820030,7.6,5.6,0.0,,,119.0,,2024-12-04 09:56:27.030,,,,,,,,,1090.0,,,62820030,0.9,13.1,2024-12-04 09:56:27.033,2024-12-04 09:56:27.033,100002,,4.0,51.1,,2.5,10.9,,,3.5,Lunch,0.0,,2.4,543.0,UTC+0530,EmOHuC/o0o,,2.3,0.0,com.sec.android.app.shealth,,,52.7,,,,af7e9c6e-ef0f-476d-bc45-4299145ee4d7,,
,0.0,62820030,0.0,0.0,0.0,,,0.0,,2024-12-04 12:50:17.675,,,,,,,,,0.0,,,62820030,0.0,4.1,2024-12-04 12:50:17.684,2024-12-04 12:50:17.684,100005,,0.0,0.8,,0.0,0.0,,,13.3,Afternoon snack,0.0,,0.0,117.0,UTC+0530,EmOHuC/o0o,,0.0,0.0,com.sec.android.app.shealth,,,19.0,,,,d4db1593-2043-47f4-a0d7-ed92ba8a2e61,,
,91.5,62820030,2.9,1.1,9.9,,,167.0,,2024-12-04 16:59:55.113,,,,,,,,,877.0,,,62820030,3.3,18.2,2024-12-04 16:59:55.114,2024-12-04 15:32:23.034,100003,,0.4,71.5,,0.5,6.5,,,43.6,Dinner,0.0,,1.9,985.0,UTC+0530,EmOHuC/o0o,,1.2,0.0,com.sec.android.app.shealth,,,135.9,,,,5cf42e69-fba2-46ca-ae09-5453ea58eee6,,
,0.0,62820030,0.0,0.0,0.0,,,0.0,,2024-12-05 12:23:23.479,,,,,,,,,0.0,,,62820030,10.0,49.0,2024-12-05 12:23:23.483,2024-12-05 12:23:23.483,100002,,0.0,74.0,,0.0,0.0,,,0.0,Lunch,0.0,,0.0,962.0,UTC+0530,EmOHuC/o0o,,0.0,0.0,com.sec.android.app.shealth,,,56.0,,,,c13b9b11-edd3-468c-8031-1621c3b46199,,
,50.0,62820030,0.0,0.0,0.0,,,0.0,,2024-12-05 12:24:29.483,,,,,,,,,340.0,,,62820030,1.2,1.6,2024-12-05 12:24:29.486,2024-12-05 12:24:29.486,100006,,0.2,3.8,,0.6,10.4,,,2.0,Evening snack,0.0,,5.8,132.0,UTC+0530,EmOHuC/o0o,,0.2,0.0,com.sec.android.app.shealth,,,25.2,,,,ccb5e5cc-3462-47b1-ba91-18974107844f,,
,0.0,62850050,0.0,0.0,0.0,,,0.0,,2024-12-10 09:30:30.316,,,,,,,,,0.0,,,62850050,0.0,1.0,2024-12-10 09:30:30.319,2024-12-10 09:30:30.319,100001,,0.0,0.4,,0.0,50.0,,,0.0,Breakfast,0.0,,1.5,17.0,UTC+0530,EmOHuC/o0o,,0.0,0.0,com.sec.android.app.shealth,,,1.5,,,,75f1e751-3def-49d1-88ff-571240667e81,,
,110.5,62850050,3.1,8.9,0.0,,,0.0,,2024-12-10 09:31:00.623,,,,,,,,,1.3,,,62850050,0.3,0.1,2024-12-10 09:31:00.624,2024-12-10 09:31:00.624,100004,,0.0,0.5,,0.0,1.3,,,6.1,Morning snack,0.0,,0.5,30.0,UTC+0530,EmOHuC/o0o,,0.0,0.0,com.sec.android.app.shealth,,,7.4,,,,ab3452d2-a6e6-4823-bc74-410bdc98a99e,,
,0.0,62850050,0.0,0.0,0.0,,,0.0,,2024-12-10 09:31:23.864,,,,,,,,,0.0,,,62850050,10.0,49.0,2024-12-10 09:31:23.865,2024-12-10 09:31:23.865,100002,,0.0,74.0,,0.0,0.0,,,0.0,Lunch,0.0,,0.0,962.0,UTC+0530,EmOHuC/o0o,,0.0,0.0,com.sec.android.app.shealth,,,56.0,,,,715e5ae3-562d-4912-aa2c-f61718347b2e,,
,70.0,62850050,0.7,3.1,0.0,,,0.0,,2024-12-12 08:17:39.987,,,,,,,,,41.0,,,62850050,0.4,0.9,2024-12-12 08:17:39.988,2024-12-12 08:17:39.988,100001,,0.0,2.9,,0.0,0.8,,,5.5,Breakfast,0.0,,0.4,308.0,UTC+0530,EmOHuC/o0o,,0.0,0.0,com.sec.android.app.shealth,,,15.2,,,,824d7909-ecb3-43fa-a5b1-995e452140c7,,
,147.0,62850050,2.8,17.5,0.0,,,9.1,,2024-12-12 16:43:59.782,,,,,,,,,338.8,,,62850050,1.4,13.9,2024-12-12 16:43:59.784,2024-12-12 16:43:59.784,100002,,3.5,12.0,,4.2,3.1,,,4.0,Lunch,0.0,,4.6,396.0,UTC+0530,EmOHuC/o0o,,2.3,0.0,com.sec.android.app.shealth,,,56.5,,,,ca3a1056-4908-43bb-b228-6beba0c40188,,
,110.0,62850050,0.6,0.6,0.0,,,2.0,,2024-12-12 16:45:40.230,,,,,,,,,685.0,,,62850050,3.8,29.3,2024-12-12 16:45:40.235,2024-12-12 16:45:40.235,100006,,9.0,9.7,,3.1,2.4,,,17.2,Evening snack,0.0,,2.9,516.0,UTC+0530,EmOHuC/o0o,,12.9,0.0,com.sec.android.app.shealth,,,53.7,,,,bc168a06-e62e-44a1-9c0e-4369e508a46d,,
,73.0,62850050,0.7,0.0,0.0,,,3.0,,2024-12-12 16:46:22.362,,,,,,,,,15.0,,,62850050,0.1,0.8,2024-12-12 16:46:22.364,2024-12-12 16:46:22.364,100004,,0.2,0.9,,0.0,0.1,,,1.3,Morning snack,0.0,,2.5,17.0,UTC+0530,EmOHuC/o0o,,0.4,0.0,com.sec.android.app.shealth,,,1.5,,,,f40105f0-8732-492b-aa7c-3c41f6517a93,,
,835.0,62850050,8.1,0.0,0.0,,,293.5,,2024-12-12 12:30:00.000,,,,,,,,,1377.4,,,62850050,0.0,26.4,2024-12-12 18:53:27.976,2024-12-12 16:44:53.473,100003,,9.1,108.2,,5.1,21.2,,,8.0,Dinner,0.0,,3.9,1060.0,UTC+0530,EmOHuC/o0o,,7.8,0.0,com.sec.android.app.shealth,,,14.0,,,,a3c31706-e7e9-44f0-9371-2d9bd8774ea2,,
,0.0,62850050,0.0,0.0,0.0,,,57.8,,2024-12-13 09:05:32.365,,,,,,,,,302.7,,,62850050,3.0,7.9,2024-12-13 09:05:32.365,2024-12-13 09:04:53.607,100001,,0.0,47.1,,0.0,0.0,,,26.5,Breakfast,0.0,,0.0,547.0,UTC+0530,EmOHuC/o0o,,3.9,2.6,com.sec.android.app.shealth,,,71.7,,,,15c5400e-d27f-4f83-a76e-55771d722678,,
,0.0,62850050,0.0,0.0,0.0,,,0.0,,2024-12-13 15:26:10.763,,,,,,,,,0.0,,,62850050,10.0,49.0,2024-12-13 15:26:10.768,2024-12-13 15:26:10.768,100002,,0.0,74.0,,0.0,0.0,,,0.0,Lunch,0.0,,0.0,962.0,UTC+0530,EmOHuC/o0o,,0.0,0.0,com.sec.android.app.shealth,,,56.0,,,,b90f2f0f-c9c9-48ce-98ff-41480042f636,,
,638.2,62850050,2.0,14.8,0.0,,,3.0,,2024-12-13 15:28:35.479,,,,,,,,,20.5,,,62850050,1.4,7.1,2024-12-13 15:28:35.480,2024-12-13 15:28:35.480,100006,,0.2,6.3,,0.0,3.8,,,43.4,Evening snack,0.0,,3.0,311.0,UTC+0530,EmOHuC/o0o,,3.1,0.0,com.sec.android.app.shealth,,,59.0,,,,a6265fdf-b4b0-4222-a2e1-97df7b48021b,,
,0.0,62850050,0.0,0.0,0.0,,,0.0,,2024-12-15 12:13:56.610,,,,,,,,,250.0,,,62850050,0.0,0.5,2024-12-15 12:13:56.615,2024-12-15 12:13:56.615,100001,,0.0,17.5,,0.0,0.0,,,25.5,Breakfast,0.0,,0.0,225.0,UTC+0530,EmOHuC/o0o,,0.0,0.0,com.sec.android.app.shealth,,,25.5,,,,f14ae64e-a61d-4625-8dc7-696c73052b66,,
,912.0,62850050,0.8,49.6,0.0,,,0.0,,2024-12-15 12:15:45.832,,,,,,,,,9.0,,,62850050,8.1,1.4,2024-12-15 12:15:45.834,2024-12-15 12:15:45.834,100002,,0.0,3.7,,0.0,8.7,,,14.3,Lunch,0.0,,5.2,274.0,UTC+0530,EmOHuC/o0o,,0.4,0.0,com.sec.android.app.shealth,,,69.4,,,,13d6a1dc-a497-4fb8-b23c-7d285c1ce144,,
,902.5,62850050,9.3,10.6,0.0,,,256.8,,2024-12-15 13:23:38.302,,,,,,,,,1624.9,,,62850050,2.2,26.2,2024-12-15 13:23:38.303,2024-12-15 13:18:55.997,100003,,9.5,89.1,,6.0,29.9,,,2.7,Dinner,0.0,,4.8,1639.0,UTC+0530,EmOHuC/o0o,,7.0,0.4,com.sec.android.app.shealth,,,36.0,,,,8242bd11-24be-41a7-b069-d6db92d19542,,
,443.0,62850050,33.7,29.0,0.0,,,45.0,,2024-12-16 12:30:00.000,,,,,,,,,1142.0,,,62850050,3.8,18.1,2024-12-17 06:28:16.976,2024-12-16 16:54:46.096,100003,,4.4,56.2,,0.8,6.7,,,36.9,Dinner,0.0,,3.5,680.0,UTC+0530,EmOHuC/o0o,,5.7,0.0,com.sec.android.app.shealth,,,71.7,,,,d98b5338-d64a-444b-951a-b98479d2c8ac,,
,422.0,62850050,0.4,11.4,0.0,,,0.0,,2024-12-17 06:34:18.353,,,,,,,,,1.0,,,62850050,5.1,34.3,2024-12-17 06:34:18.356,2024-12-17 06:34:18.356,100001,,0.0,65.2,,0.0,1.7,,,14.4,Breakfast,0.0,,0.4,760.0,UTC+0530,EmOHuC/o0o,,0.1,0.0,com.sec.android.app.shealth,,,48.3,,,,a3ea307b-0700-4898-8853-0dcef5a78ed5,,
,0.0,62850050,0.0,0.0,0.0,,,5.4,,2024-12-16 09:30:00.000,,,,,,,,,22.5,,,62850050,0.0,9.6,2024-12-17 06:32:07.278,2024-12-17 06:32:07.278,100005,,0.0,2.0,,0.0,0.0,,,16.4,Afternoon snack,0.0,,0.0,161.0,UTC+0530,EmOHuC/o0o,,6.0,0.0,com.sec.android.app.shealth,,,16.5,,,,14872862-1ecc-4c03-821d-cbdaa3fe9956,,
,299.7,62850050,80.6,11.4,0.0,,,0.0,,2024-12-16 06:30:00.000,,,,,,,,,698.4,,,62850050,6.8,39.4,2024-12-17 06:34:41.812,2024-12-16 16:52:19.922,100002,,1.0,74.9,,0.7,4.3,,,5.3,Lunch,0.0,,4.4,979.0,UTC+0530,EmOHuC/o0o,,0.4,0.0,com.sec.android.app.shealth,,,80.5,,,,0ecff2b0-78df-4e5c-9eaf-24427450865f,,
,422.0,62850050,0.4,11.4,0.0,,,0.0,,2024-12-16 02:30:00.000,,,,,,,,,1.0,,,62850050,3.1,0.3,2024-12-17 06:35:18.510,2024-12-17 06:35:18.510,100001,,0.0,1.2,,0.0,1.7,,,14.4,Breakfast,0.0,,0.4,111.0,UTC+0530,EmOHuC/o0o,,0.1,0.0,com.sec.android.app.shealth,,,28.3,,,,7a0787e6-cc29-481c-8757-c0a02c60fb31,,
,136.0,62850050,0.4,3.5,0.0,,,0.0,,2024-12-17 11:17:08.057,,,,,,,,,212.0,,,62850050,0.7,3.1,2024-12-17 11:17:08.060,2024-12-17 11:17:08.060,100002,,0.0,9.5,,0.0,1.2,,,2.8,Lunch,0.0,,1.0,267.0,UTC+0530,EmOHuC/o0o,,0.0,0.0,com.sec.android.app.shealth,,,50.1,,,,732f837e-a393-4ebc-9a46-b65a495a8616,,
,764.0,62850050,0.4,42.6,0.0,,,45.0,,2024-12-17 14:28:02.530,,,,,,,,,313.0,,,62850050,8.5,4.7,2024-12-17 14:28:02.534,2024-12-17 11:17:27.861,100003,,0.4,53.4,,0.4,7.8,,,45.6,Dinner,0.0,,4.6,866.0,UTC+0530,EmOHuC/o0o,,1.6,0.0,com.sec.android.app.shealth,,,162.2,,,,f074a2cc-6151-4409-b07b-b5691ef52c87,,
,679.0,62850050,6.5,80.1,0.0,,,0.0,,2024-12-18 13:12:31.483,,,,,,,,,4.0,,,62850050,4.9,0.4,2024-12-18 13:12:31.488,2024-12-18 13:12:22.202,100001,,0.0,1.8,,0.0,2.3,,,20.3,Breakfast,0.0,,2.2,150.0,UTC+0530,EmOHuC/o0o,,0.1,0.0,com.sec.android.app.shealth,,,38.1,,,,3d394008-9120-4e11-8064-35b6132ca75f,,
,1150.4,62850050,196.5,8.0,0.0,,,232.4,,2024-12-18 13:14:00.495,,,,,,,,,2054.4,,,62850050,6.0,26.7,2024-12-18 13:14:00.498,2024-12-18 13:14:00.498,100002,,8.4,99.0,,4.4,20.2,,,9.3,Lunch,0.0,,7.6,1041.0,UTC+0530,EmOHuC/o0o,,5.8,0.0,com.sec.android.app.shealth,,,96.4,,,,0a17c9f4-1330-42ad-90db-694726bd7e34,,
,91.5,62850050,2.9,1.1,9.9,,,120.5,,2024-12-18 12:30:00.000,,,,,,,,,1003.0,,,62850050,0.0,9.8,2024-12-18 19:04:07.537,2024-12-18 13:14:26.629,100003,,0.1,55.2,,0.3,6.5,,,26.5,Dinner,0.0,,1.9,545.0,UTC+0530,EmOHuC/o0o,,3.6,0.0,com.sec.android.app.shealth,,,57.9,,,,d929cbb1-55a3-4936-ac52-9958862eca07,,
,804.9,62850050,9.5,113.5,0.0,,,0.0,,2024-12-19 12:27:00.644,,,,,,,,,5.4,,,62850050,5.7,0.4,2024-12-19 12:27:00.648,2024-12-19 12:27:00.648,100001,,0.0,2.0,,0.0,2.5,,,23.1,Breakfast,0.0,,3.1,163.0,UTC+0530,EmOHuC/o0o,,0.1,0.0,com.sec.android.app.shealth,,,41.5,,,,c5e5384e-3df1-4bba-baea-a825dcf553f0,,
,71.0,62850050,0.7,0.0,0.0,,,7.0,,2024-12-19 12:39:19.036,,,,,,,,,247.0,,,62850050,0.1,4.0,2024-12-19 12:39:19.041,2024-12-19 12:39:19.005,100006,,0.2,2.9,,0.0,0.1,,,9.5,Evening snack,0.0,,2.5,85.0,UTC+0530,EmOHuC/o0o,,1.9,0.0,com.sec.android.app.shealth,,,10.1,,,,1ecf2b31-e7fe-4556-ab38-97b516bd4342,,
,0.0,62850050,0.0,0.0,0.0,,,45.0,,2024-12-19 12:40:00.791,,,,,,,,,300.0,,,62850050,0.0,1.5,2024-12-19 12:40:00.792,2024-12-19 12:40:00.792,100003,,0.0,41.5,,0.0,0.0,,,26.5,Dinner,0.0,,0.0,292.0,UTC+0530,EmOHuC/o0o,,0.5,0.0,com.sec.android.app.shealth,,,28.5,,,,c1a139d2-a14f-4e21-bc0c-22d523d6560a,,
,804.9,62850050,9.5,113.5,0.0,,,0.0,,2024-12-19 12:27:00.631,,,,,,,,,5.4,,,62850050,5.7,0.4,2024-12-19 12:27:00.634,2024-12-19 12:27:00.634,100001,,0.0,2.0,,0.0,2.5,,,23.1,Breakfast,0.0,,3.1,163.0,UTC+0530,EmOHuC/o0o,,0.1,0.0,com.sec.android.app.shealth,,,41.5,,,,766fb4f1-e378-48b7-b56a-f17313098f5c,,
,824.7,62850050,6.6,4.2,0.0,,,194.2,,2024-12-19 16:34:24.516,,,,,,,,,2335.0,,,62850050,2.6,34.8,2024-12-19 16:34:24.523,2024-12-19 12:32:10.462,100002,,4.5,87.1,,2.7,15.3,,,2.5,Lunch,0.0,,3.3,1093.0,UTC+0530,EmOHuC/o0o,,8.3,0.0,com.sec.android.app.shealth,,,66.8,,,,723b4692-d66e-4796-999b-af030693526e,,
,547.0,62850050,20.6,19.5,0.0,,,132.0,,2024-12-20 11:24:05.492,,,,,,,,,454.0,,,62850050,5.9,9.1,2024-12-20 11:24:05.493,2024-12-20 11:23:00.152,100002,,2.2,49.6,,0.5,6.6,,,45.2,Lunch,0.0,,13.1,487.0,UTC+0530,EmOHuC/o0o,,4.5,0.0,com.sec.android.app.shealth,,,54.9,,,,e0a7f0d3-dccc-4eda-b74c-0ef65ce5cb14,,
,422.0,62850050,0.4,11.4,0.0,,,0.0,,2024-12-20 11:20:33.026,,,,,,,,,1.0,,,62850050,3.1,0.3,2024-12-20 11:20:33.028,2024-12-20 11:20:33.028,100001,,0.0,1.2,,0.0,1.7,,,14.4,Breakfast,0.0,,0.4,105.0,UTC+0530,EmOHuC/o0o,,0.1,0.0,com.sec.android.app.shealth,,,26.9,,,,c7466aed-bbe0-4770-9c83-14b2783caefa,,
,71.0,62850050,0.7,0.0,0.0,,,3.0,,2024-12-20 11:20:52.361,,,,,,,,,14.0,,,62850050,0.1,0.8,2024-12-20 11:20:52.362,2024-12-20 11:20:52.362,100004,,0.2,0.9,,0.0,0.1,,,4.8,Morning snack,0.0,,2.5,30.0,UTC+0530,EmOHuC/o0o,,0.4,0.0,com.sec.android.app.shealth,,,4.9,,,,0951e976-84f0-401f-83f4-d7d2376d9b31,,
,148.0,62850050,0.4,7.0,0.0,,,0.0,,2024-12-24 16:46:18.212,,,,,,,,,1.0,,,62850050,3.3,0.2,2024-12-24 16:46:18.213,2024-12-24 16:46:18.213,100001,,0.0,0.3,,0.0,0.9,,,14.3,Breakfast,0.0,,0.6,72.0,UTC+0530,EmOHuC/o0o,,0.0,0.0,com.sec.android.app.shealth,,,19.0,,,,580ee184-12ee-4d97-9bfe-126c4fe904e5,,
,136.0,62850050,0.4,3.5,0.0,,,0.0,,2024-12-24 16:47:03.610,,,,,,,,,212.0,,,62850050,2.7,37.1,2024-12-24 16:47:03.611,2024-12-24 16:33:29.736,100002,,0.0,73.5,,0.0,1.2,,,2.8,Lunch,0.0,,1.0,916.0,UTC+0530,EmOHuC/o0o,,0.0,0.0,com.sec.android.app.shealth,,,70.1,,,,026604a3-879a-4bf7-a88d-165e005cdf53,,
,0.0,62850050,0.0,0.0,0.0,,,45.0,,2024-12-24 16:47:40.706,,,,,,,,,50.0,,,62850050,0.0,7.0,2024-12-24 16:47:40.707,2024-12-24 16:34:52.586,100003,,0.0,61.0,,0.0,0.0,,,11.0,Dinner,0.0,,0.0,993.0,UTC+0530,EmOHuC/o0o,,3.5,0.0,com.sec.android.app.shealth,,,14.0,,,,5e71e2be-1b6b-4270-8a8f-c8afadeb4b7f,,
,405.0,62850050,6.5,75.7,0.0,,,0.0,,2024-12-25 13:16:17.614,,,,,,,,,4.0,,,62850050,5.1,5.3,2024-12-25 13:16:17.620,2024-12-25 13:11:08.950,100001,,0.0,8.9,,0.0,1.5,,,33.2,Breakfast,0.0,,2.4,270.0,UTC+0530,EmOHuC/o0o,,2.5,0.0,com.sec.android.app.shealth,,,48.3,,,,8f4033eb-9373-484e-9008-4f283953b90c,,
,249.0,62850050,7.0,5.6,0.0,,,35.0,,2024-12-25 13:16:47.049,,,,,,,,,694.0,,,62850050,0.9,9.6,2024-12-25 13:16:47.050,2024-12-25 13:16:47.050,100002,,2.8,20.4,,1.8,5.2,,,3.5,Lunch,0.0,,1.3,379.0,UTC+0530,EmOHuC/o0o,,1.3,0.0,com.sec.android.app.shealth,,,52.7,,,,c2b4136e-7dd6-45fb-b326-75b529208442,,
,0.0,62850050,0.0,0.0,0.0,,,0.0,,2024-12-25 13:17:12.340,,,,,,,,,0.0,,,62850050,0.0,0.0,2024-12-25 13:17:12.342,2024-12-25 13:17:12.342,100003,,0.0,35.0,,0.0,0.0,,,0.0,Dinner,0.0,,0.0,766.0,UTC+0530,EmOHuC/o0o,,0.0,0.0,com.sec.android.app.shealth,,,0.0,,,,df034a62-7361-4a0b-bf77-4142a3a3c170,,
,0.0,62850050,0.0,0.0,0.0,,,45.0,,2024-12-25 15:30:00.000,,,,,,,,,50.0,,,62850050,0.0,1.0,2024-12-26 05:49:59.382,2024-12-26 05:49:59.382,100006,,0.0,24.0,,0.0,0.0,,,1.0,Evening snack,0.0,,0.0,117.0,UTC+0530,EmOHuC/o0o,,0.5,0.0,com.sec.android.app.shealth,,,3.0,,,,294eed9a-fbf0-478b-8c84-dac14567de6f,,
,0.0,62850050,0.0,0.0,0.0,,,0.0,,2024-12-26 14:22:54.265,,,,,,,,,210.0,,,62850050,2.0,37.0,2024-12-26 14:22:54.270,2024-12-26 14:22:54.270,100002,,0.0,73.0,,0.0,0.0,,,1.5,Lunch,0.0,,0.0,904.0,UTC+0530,EmOHuC/o0o,,0.0,0.0,com.sec.android.app.shealth,,,68.0,,,,210daa2d-582d-4c91-959f-402cab7974e4,,
,0.0,62850050,0.0,0.0,0.0,,,45.0,,2024-12-26 14:24:58.764,,,,,,,,,55.0,,,62850050,3.7,18.5,2024-12-26 14:24:58.768,2024-12-26 14:24:58.768,100003,,0.4,49.0,,0.4,0.0,,,44.1,Dinner,0.0,,0.0,789.0,UTC+0530,EmOHuC/o0o,,11.2,0.0,com.sec.android.app.shealth,,,110.3,,,,21ada27a-de08-41f0-b0cc-315e827a4417,,
,0.0,62850050,0.0,0.0,0.0,,,0.0,,2024-12-30 15:59:47.997,,,,,,,,,0.0,,,62850050,5.0,6.8,2024-12-30 15:59:48.000,2024-12-30 15:59:48.000,100006,,0.0,10.0,,0.0,0.0,,,0.5,Evening snack,0.0,,0.0,179.0,UTC+0530,EmOHuC/o0o,,1.2,0.0,com.sec.android.app.shealth,,,27.5,,,,d8ead1fd-d939-4e08-9380-380aba44c260,,
,0.0,62850050,0.0,0.0,0.0,,,45.0,,2024-12-30 16:00:02.739,,,,,,,,,300.0,,,62850050,0.0,1.5,2024-12-30 16:00:02.741,2024-12-30 15:58:08.369,100003,,0.0,41.5,,0.0,0.0,,,26.5,Dinner,0.0,,0.0,292.0,UTC+0530,EmOHuC/o0o,,0.5,0.0,com.sec.android.app.shealth,,,28.5,,,,a19060be-129f-423e-a211-7ad231f2e47a,,
,0.0,62850050,0.0,0.0,0.0,,,0.0,,2024-12-30 15:56:35.047,,,,,,,,,210.0,,,62850050,1.4,26.8,2024-12-30 15:56:35.049,2024-12-30 15:56:35.049,100002,,0.0,53.8,,0.0,0.0,,,1.5,Lunch,0.0,,0.0,709.0,UTC+0530,EmOHuC/o0o,,0.0,0.0,com.sec.android.app.shealth,,,62.0,,,,a3cacd02-f819-48e1-ba23-2e90c99ddfdf,,
,0.0,62850050,0.0,0.0,0.0,,,0.0,,2024-12-30 15:56:35.058,,,,,,,,,210.0,,,62850050,1.4,26.8,2024-12-30 15:56:35.059,2024-12-30 15:56:35.059,100002,,0.0,53.8,,0.0,0.0,,,1.5,Lunch,0.0,,0.0,709.0,UTC+0530,EmOHuC/o0o,,0.0,0.0,com.sec.android.app.shealth,,,62.0,,,,a62ae8f0-8187-4084-a0cf-aaf1c2562f15,,
,75.0,62850050,0.0,0.0,0.0,,,0.0,,2024-12-30 15:57:25.022,,,,,,,,,486.0,,,62850050,6.0,15.4,2024-12-30 15:57:25.026,2024-12-30 15:56:23.275,100001,,0.0,8.7,,0.0,0.0,,,1.0,Breakfast,0.0,,0.0,486.0,UTC+0530,EmOHuC/o0o,,5.0,0.0,com.sec.android.app.shealth,,,33.0,,,,3aa5f2bb-9128-473b-9b5f-43feb5b19cd4,,
,0.0,62850050,0.0,0.0,0.0,,,0.0,,2024-12-31 10:37:08.027,,,,,,,,,0.0,,,62850050,2.0,34.0,2024-12-31 10:37:08.029,2024-12-31 10:37:08.029,100001,,0.0,64.0,,0.0,0.0,,,0.0,Breakfast,0.0,,0.0,649.0,UTC+0530,EmOHuC/o0o,,0.0,0.0,com.sec.android.app.shealth,,,20.0,,,,81fe3480-d936-4484-b381-c9b202abc1dc,,
,0.0,62850050,0.0,0.0,0.0,,,0.0,,2024-12-31 10:37:35.726,,,,,,,,,210.0,,,62850050,0.0,3.0,2024-12-31 10:37:35.728,2024-12-31 10:37:35.728,100002,,0.0,9.0,,0.0,0.0,,,1.5,Lunch,0.0,,0.0,255.0,UTC+0530,EmOHuC/o0o,,0.0,0.0,com.sec.android.app.shealth,,,48.0,,,,0d0cc4d9-8d8e-4167-afc2-d2b50f70d6ba,,
,0.0,62850050,0.0,0.0,0.0,,,45.0,,2024-12-31 14:02:08.405,,,,,,,,,305.0,,,62850050,3.7,3.5,2024-12-31 14:02:08.407,2024-12-31 10:40:05.574,100003,,0.4,50.0,,0.4,0.0,,,45.6,Dinner,0.0,,0.0,664.0,UTC+0530,EmOHuC/o0o,,1.2,0.0,com.sec.android.app.shealth,,,111.8,,,,713af75a-06aa-4cb5-bb77-5c6789b5dbb9,,
,299.0,62900750,1.7,77.4,0.0,,,9.6,,2025-01-20 15:32:16.313,,,,,,,,,8.0,,,62900750,5.3,6.9,2025-01-20 15:32:16.321,2025-01-20 15:32:16.321,100001,,0.0,8.0,,0.0,1.0,,,12.4,Breakfast,0.0,,4.8,547.0,UTC+0530,EmOHuC/o0o,,2.5,1.9,com.sec.android.app.shealth,,,65.5,,,,ec57c492-1a0b-4272-9550-0d16bac09f95,,
,117.0,62900750,11.1,0.2,0.0,,,216.0,,2025-01-20 15:34:06.976,,,,,,,,,420.0,,,62900750,0.3,9.3,2025-01-20 15:34:06.977,2025-01-20 15:34:06.977,100002,,2.9,13.2,,1.2,5.6,,,2.8,Lunch,0.0,,4.0,276.0,UTC+0530,EmOHuC/o0o,,2.1,0.0,com.sec.android.app.shealth,,,34.3,,,,da49dc2a-ca13-4e58-82d6-31de7c357e07,,
,0.0,62900750,0.0,0.0,0.0,,,45.0,,2025-01-20 15:35:22.389,,,,,,,,,300.0,,,62900750,10.0,50.5,2025-01-20 15:35:22.390,2025-01-20 15:35:22.390,100003,,0.0,115.5,,0.0,0.0,,,26.5,Dinner,0.0,,0.0,1254.0,UTC+0530,EmOHuC/o0o,,0.5,0.0,com.sec.android.app.shealth,,,84.5,,,,ea94f6ec-1ced-4760-8597-9895abefb2a1,,
,0.0,62900750,0.0,0.0,0.0,,,45.0,,2025-01-24 14:32:33.508,,,,,,,,,300.0,,,62900750,0.0,1.5,2025-01-24 14:32:33.511,2025-01-24 14:32:33.511,100001,,0.0,41.5,,0.0,0.0,,,26.5,Breakfast,0.0,,0.0,292.0,UTC+0530,EmOHuC/o0o,,0.5,0.0,com.sec.android.app.shealth,,,28.5,,,,29224641-00ee-4d3e-a7f8-ad5de17de0f1,,
,0.0,62900750,0.0,0.0,0.0,,,0.0,,2025-01-24 14:32:56.859,,,,,,,,,0.0,,,62900750,0.0,0.0,2025-01-24 14:32:56.876,2025-01-24 14:32:48.868,100002,,0.0,36.0,,0.0,0.0,,,0.0,Lunch,0.0,,0.0,789.0,UTC+0530,EmOHuC/o0o,,0.0,0.0,com.sec.android.app.shealth,,,0.0,,,,b70483c0-b6d5-46eb-a332-312b6ba61d4b,,
,576.0,62900750,2.3,96.4,0.0,,,0.0,,2025-01-24 14:33:43.609,,,,,,,,,3.0,,,62900750,7.3,0.4,2025-01-24 14:33:43.615,2025-01-24 14:33:43.615,100006,,0.0,2.2,,0.0,3.6,,,41.9,Evening snack,0.0,,5.4,203.0,UTC+0530,EmOHuC/o0o,,0.0,0.0,com.sec.android.app.shealth,,,52.4,,,,36b39556-2aba-4ffa-8c7f-ca3ca67c764c,,
,741.8,62900750,7.4,2.2,20.0,,,335.8,,2025-01-24 14:34:31.884,,,,,,,,,1411.2,,,62900750,0.0,10.4,2025-01-24 14:34:31.886,2025-01-24 14:34:31.886,100003,,2.8,90.6,,2.1,25.8,,,0.5,Dinner,0.0,,6.5,550.0,UTC+0530,EmOHuC/o0o,,2.5,0.0,com.sec.android.app.shealth,,,16.9,,,,7f424c3b-701b-4908-9ac6-47b6306de05d,,
,71.0,62900750,0.7,0.0,0.0,,,3.0,,2025-01-25 12:21:01.241,,,,,,,,,320.0,,,62900750,5.1,11.8,2025-01-25 12:21:01.244,2025-01-25 12:21:01.244,100004,,0.2,4.9,,0.0,0.1,,,4.8,Morning snack,0.0,,2.5,220.0,UTC+0530,EmOHuC/o0o,,4.4,0.0,com.sec.android.app.shealth,,,22.9,,,,7527a409-f937-4a0e-bf36-ec80cd4ad6ee,,
,827.6,62900750,7.9,2.2,12.0,,,225.0,,2025-01-25 12:21:13.068,,,,,,,,,520.8,,,62900750,0.3,20.7,2025-01-25 12:21:13.068,2025-01-25 12:20:15.230,100001,,6.7,53.1,,4.9,14.6,,,0.5,Breakfast,0.0,,6.5,742.0,UTC+0530,EmOHuC/o0o,,3.3,0.0,com.sec.android.app.shealth,,,43.4,,,,41984e01-afc6-4160-a4cf-d06d7b51431a,,
,428.0,62900750,1.8,89.4,0.0,,,0.0,,2025-01-25 12:23:22.952,,,,,,,,,2.0,,,62900750,4.0,19.6,2025-01-25 12:23:22.955,2025-01-25 12:23:22.955,100005,,0.0,4.7,,0.0,2.7,,,38.7,Afternoon snack,0.0,,4.8,381.0,UTC+0530,EmOHuC/o0o,,12.1,0.1,com.sec.android.app.shealth,,,49.4,,,,a909b448-bcc2-4c10-adb8-8b03ebc05933,,
,336.5,62900750,8.3,1.7,0.0,,,102.4,,2025-01-25 12:30:00.000,,,,,,,,,706.6,,,62900750,0.9,24.7,2025-01-26 06:19:58.353,2025-01-26 06:19:58.353,100003,,5.6,40.7,,2.8,14.4,,,1.6,Dinner,0.0,,3.2,550.0,UTC+0530,EmOHuC/o0o,,9.0,0.0,com.sec.android.app.shealth,,,38.5,,,,7c46ef09-754d-4f25-9f7b-1a24e65ef95b,,
,1198.8,62900750,14.2,13.6,0.0,,,312.3,,2025-01-26 06:26:02.577,,,,,,,,,2316.4,,,62900750,15.4,38.1,2025-01-26 06:26:02.579,2025-01-26 06:24:52.094,100001,,16.4,96.9,,7.1,22.4,,,5.2,Breakfast,0.0,,25.2,1057.0,UTC+0530,EmOHuC/o0o,,9.7,0.1,com.sec.android.app.shealth,,,78.5,,,,ac3f1d29-33b9-45c3-90bb-23de1c0b36b2,,
,124.2,62900750,20.9,3.0,8.9,,,360.0,,2025-01-27 17:03:41.446,,,,,,,,,329.9,,,62900750,0.0,15.6,2025-01-27 17:03:41.457,2025-01-27 17:03:41.457,100002,,4.9,17.7,,1.6,12.1,,,2.2,Lunch,0.0,,3.7,349.0,UTC+0530,EmOHuC/o0o,,5.1,0.0,com.sec.android.app.shealth,,,33.7,,,,4d12066f-0eec-4842-9757-134050970fe5,,
,148.0,62900750,0.4,7.0,0.0,,,0.0,,2025-01-27 17:03:54.986,,,,,,,,,1.0,,,62900750,3.3,0.2,2025-01-27 17:03:54.987,2025-01-27 17:03:54.987,100005,,0.0,0.3,,0.0,0.9,,,14.3,Afternoon snack,0.0,,0.6,72.0,UTC+0530,EmOHuC/o0o,,0.0,0.0,com.sec.android.app.shealth,,,19.0,,,,db4b1dfa-5e5f-4061-9e7c-41dab073d870,,
,0.0,62900750,0.0,0.0,0.0,,,0.0,,2025-01-27 17:04:17.237,,,,,,,,,0.0,,,62900750,10.0,49.0,2025-01-27 17:04:17.240,2025-01-27 17:04:17.240,100006,,0.0,74.0,,0.0,0.0,,,0.0,Evening snack,0.0,,0.0,962.0,UTC+0530,EmOHuC/o0o,,0.0,0.0,com.sec.android.app.shealth,,,56.0,,,,86f5375c-a398-4d93-bb3e-611d2d76cb97,,
,0.0,62900750,0.0,0.0,0.0,,,45.0,,2025-01-27 17:04:37.244,,,,,,,,,300.0,,,62900750,0.0,1.5,2025-01-27 17:04:37.247,2025-01-27 17:04:37.247,100003,,0.0,41.5,,0.0,0.0,,,26.5,Dinner,0.0,,0.0,292.0,UTC+0530,EmOHuC/o0o,,0.5,0.0,com.sec.android.app.shealth,,,28.5,,,,e09abfd1-ff2c-4b7b-a343-41719dd8b6bb,,
,765.8,62900750,0.9,32.9,0.0,,,0.0,,2025-01-27 14:43:42.960,,,,,,,,,4.6,,,62900750,4.7,0.4,2025-01-27 14:43:42.967,2025-01-27 14:43:42.967,100001,,0.0,2.4,,0.0,5.2,,,42.1,Breakfast,0.0,,1.8,229.0,UTC+0530,EmOHuC/o0o,,0.1,0.0,com.sec.android.app.shealth,,,59.4,,,,896e573f-4639-42db-8263-65160c6073a6,,
,422.0,62910110,0.4,11.4,0.0,,,0.0,,2025-02-07 14:42:53.570,,,,,,,,,1.0,,,62910110,8.1,7.1,2025-02-07 14:42:53.571,2025-02-07 14:42:53.571,100001,,0.0,11.2,,0.0,1.7,,,14.9,Breakfast,0.0,,0.4,284.0,UTC+0530,3QItrwNcp5,,1.3,0.0,com.sec.android.app.shealth,,,54.4,,,,f0d74cc7-2d26-40c2-bd0e-5e7ad5a0f980,,
,53.0,62910110,0.0,0.0,0.0,,,0.0,,2025-02-07 14:46:54.689,,,,,,,,,246.0,,,62910110,0.0,2.0,2025-02-07 14:46:54.692,2025-02-07 14:44:00.828,100002,,0.0,9.5,,0.0,0.1,,,1.2,Lunch,0.0,,0.1,187.0,UTC+0530,3QItrwNcp5,,0.0,0.0,com.sec.android.app.shealth,,,32.2,,,,c83d4c2f-5d65-4b67-8fd8-2aa96431e62e,,
,0.0,62910110,0.0,0.0,0.0,,,45.0,,2025-02-07 14:45:44.314,,,,,,,,,300.0,,,62910110,0.0,1.5,2025-02-07 14:45:44.316,2025-02-07 14:44:22.034,100003,,0.0,76.5,,0.0,0.0,,,26.5,Dinner,0.0,,0.0,1058.0,UTC+0530,3QItrwNcp5,,0.5,0.0,com.sec.android.app.shealth,,,28.5,,,,108b80e9-2163-4807-8520-7409d13ff6b5,,
,566.6,62920010,2.9,4.5,0.0,,,84.0,,2025-02-17 15:09:31.277,,,,,,,,,236.0,,,62920010,1.1,10.6,2025-02-17 15:09:31.281,2025-02-17 15:09:31.281,100002,,3.5,29.5,,2.2,12.2,,,6.2,Lunch,0.0,,5.0,373.0,UTC+0530,3QItrwNcp5,,1.5,0.0,com.sec.android.app.shealth,,,38.4,,,,c569cd8d-c861-48ff-97dd-2218f2a6884e,,
,75.0,62920010,0.0,0.0,0.0,,,0.0,,2025-02-17 15:10:31.593,,,,,,,,,249.0,,,62920010,5.0,10.9,2025-02-17 15:10:31.594,2025-02-17 15:10:31.594,100003,,0.0,20.0,,0.0,0.0,,,3.9,Dinner,0.0,,0.0,272.0,UTC+0530,3QItrwNcp5,,2.4,0.0,com.sec.android.app.shealth,,,34.0,,,,580bc141-1bc6-49c4-8a95-1b8701d1f54f,,
,382.9,62920010,9.0,102.1,0.0,,,0.0,,2025-02-18 18:22:19.478,,,,,,,,,4.4,,,62920010,2.6,0.1,2025-02-18 18:22:19.479,2025-02-18 18:22:19.479,100001,,0.0,0.8,,0.0,0.8,,,8.7,Breakfast,0.0,,2.7,58.0,UTC+0530,3QItrwNcp5,,0.0,0.0,com.sec.android.app.shealth,,,14.6,,,,c26d598f-d901-4704-aeb1-f0b97d4b7c93,,
,72.0,62920010,12.6,0.3,0.0,,,44.0,,2025-02-18 18:23:13.741,,,,,,,,,166.0,,,62920010,0.3,18.0,2025-02-18 18:23:13.743,2025-02-18 18:23:13.743,100002,,6.9,4.4,,1.2,2.7,,,0.0,Lunch,0.0,,3.1,257.0,UTC+0530,3QItrwNcp5,,7.9,0.0,com.sec.android.app.shealth,,,20.4,,,,22b3b4d7-6efe-406d-bd0d-26d633bc5841,,
,304.1,62920010,12.0,66.7,0.0,,,0.0,,2025-02-18 18:27:33.932,,,,,,,,,0.7,,,62920010,11.0,48.8,2025-02-18 18:27:33.939,2025-02-18 18:25:54.437,100006,,0.0,83.6,,0.0,1.2,,,20.8,Evening snack,0.0,,38.6,1049.0,UTC+0530,3QItrwNcp5,,9.7,0.3,com.sec.android.app.shealth,,,70.4,,,,4300f150-e35c-4d27-9ba4-ffcad35cc1f5,,
,188.0,62920010,0.0,0.0,0.0,,,0.0,,2025-02-18 12:30:00.000,,,,,,,,,450.2,,,62920010,10.0,11.1,2025-02-19 12:40:53.394,2025-02-19 12:39:40.236,100003,,0.0,73.3,,0.0,0.0,,,30.4,Dinner,0.0,,0.0,641.0,UTC+0530,3QItrwNcp5,,2.8,0.0,com.sec.android.app.shealth,,,75.7,,,,200d8271-735a-47d8-bc4e-d9041cc501a6,,
,148.0,62920010,0.4,7.0,0.0,,,0.0,,2025-02-19 12:40:20.986,,,,,,,,,1.0,,,62920010,3.3,0.2,2025-02-19 12:40:20.989,2025-02-19 12:40:20.989,100001,,0.0,0.3,,0.0,0.9,,,14.3,Breakfast,0.0,,0.6,72.0,UTC+0530,3QItrwNcp5,,0.0,0.0,com.sec.android.app.shealth,,,19.0,,,,40347d9f-affb-4c2a-8c8f-29acbe187778,,
,0.0,62920010,0.0,0.0,0.0,,,0.0,,2025-02-19 12:41:20.003,,,,,,,,,325.2,,,62920010,0.0,0.5,2025-02-19 12:41:20.004,2025-02-19 12:41:20.004,100004,,0.0,43.3,,0.0,0.0,,,27.6,Morning snack,0.0,,0.0,305.0,UTC+0530,3QItrwNcp5,,0.0,0.0,com.sec.android.app.shealth,,,29.1,,,,5462f4a2-abb5-49a4-889c-81191d4c815a,,
,466.5,62920010,18.6,4.5,0.0,,,139.5,,2025-02-19 12:42:15.715,,,,,,,,,866.5,,,62920010,1.2,11.1,2025-02-19 12:42:15.716,2025-02-19 12:42:15.716,100002,,3.4,28.9,,1.5,11.9,,,4.7,Lunch,0.0,,4.8,372.0,UTC+0530,3QItrwNcp5,,2.8,0.0,com.sec.android.app.shealth,,,38.2,,,,7e716eeb-3242-44c3-bfb2-c68bbd865b00,,
,319.0,62920010,14.7,1.6,0.0,,,145.0,,2025-02-19 15:01:20.366,,,,,,,,,338.0,,,62920010,0.7,46.0,2025-02-19 15:01:20.369,2025-02-19 15:01:06.117,100006,,8.6,63.3,,14.9,8.1,,,1.9,Evening snack,0.0,,32.9,753.0,UTC+0530,3QItrwNcp5,,14.5,0.3,com.sec.android.app.shealth,,,19.6,,,,650ada2d-85a0-491c-bff9-170688286b29,,
,498.0,62930070,0.0,5.3,0.0,,,0.0,,2025-03-03 15:28:31.862,,,,,,,,,209.1,,,62930070,2.1,0.3,2025-03-03 15:28:31.864,2025-03-03 15:28:31.864,100001,,0.0,1.4,,0.0,3.2,,,5.1,Breakfast,0.0,,3.6,130.0,UTC+0530,3QItrwNcp5,,0.3,0.0,com.sec.android.app.shealth,,,7.3,,,,2ae1030a-f750-4de4-b897-380a6da31783,,
,830.5,62930070,2.0,6.2,0.0,,,126.0,,2025-03-03 15:29:38.240,,,,,,,,,291.5,,,62930070,0.7,12.7,2025-03-03 15:29:38.241,2025-03-03 15:29:38.241,100002,,4.3,44.3,,2.7,14.6,,,2.5,Lunch,0.0,,7.3,442.0,UTC+0530,3QItrwNcp5,,1.9,0.0,com.sec.android.app.shealth,,,34.3,,,,1ee4d840-0bb9-478b-bfa2-dd8401f3caf0,,
,1032.0,62930070,6.4,72.6,0.0,,,0.0,,2025-03-03 15:30:55.236,,,,,,,,,7.0,,,62930070,11.2,0.8,2025-03-03 15:30:55.237,2025-03-03 15:30:55.237,100005,,0.0,3.7,,0.0,8.2,,,85.9,Afternoon snack,0.0,,7.3,399.0,UTC+0530,3QItrwNcp5,,0.0,0.0,com.sec.android.app.shealth,,,104.8,,,,2516ce7c-7cbb-4bfe-88cf-8678bda7bb6c,,
,0.0,62930070,0.0,0.0,0.0,,,0.0,,2025-03-03 12:30:00.000,,,,,,,,,300.5,,,62930070,2.0,35.5,2025-03-04 05:01:40.848,2025-03-03 15:31:14.807,100003,,0.0,122.5,,0.0,0.0,,,24.5,Dinner,0.0,,641.0,999.0,UTC+0530,3QItrwNcp5,,0.0,0.0,com.sec.android.app.shealth,,,44.5,,,,72eb78e7-26b4-4744-a0bb-0d649aeea20f,,
,798.6,62930070,8.4,99.8,0.0,,,0.0,,2025-03-04 05:02:47.999,,,,,,,,,190.5,,,62930070,4.3,0.3,2025-03-04 05:02:48.000,2025-03-04 05:02:48.000,100004,,0.0,2.0,,0.0,3.6,,,12.6,Morning snack,0.0,,5.8,88.0,UTC+0530,3QItrwNcp5,,0.2,0.0,com.sec.android.app.shealth,,,20.0,,,,4d83ef16-c61b-415a-baed-2b8b8961d30a,,
,963.6,62930070,16.3,226.4,0.0,,,0.0,,2025-03-04 05:03:35.881,,,,,,,,,9.4,,,62930070,7.0,0.3,2025-03-04 05:03:35.882,2025-03-04 05:03:35.882,100001,,0.0,2.7,,0.0,3.7,,,36.8,Breakfast,0.0,,7.6,201.0,UTC+0530,3QItrwNcp5,,0.0,0.0,com.sec.android.app.shealth,,,51.0,,,,d6bca5f4-42a6-4761-abba-ecb1eda30110,,
,1046.6,62930070,19.0,55.6,0.0,,,325.2,,2025-03-04 11:27:31.880,,,,,,,,,1495.2,,,62930070,4.5,17.0,2025-03-04 11:27:31.882,2025-03-04 11:27:31.882,100002,,5.9,40.3,,3.2,26.8,,,7.6,Lunch,0.0,,11.4,654.0,UTC+0530,3QItrwNcp5,,3.4,0.0,com.sec.android.app.shealth,,,82.6,,,,0cab4d0c-f4e8-4aec-8f0b-44f0635cf6a9,,
,1046.6,62930070,19.0,55.6,0.0,,,325.2,,2025-03-04 11:27:31.885,,,,,,,,,1495.2,,,62930070,4.5,17.0,2025-03-04 11:27:31.890,2025-03-04 11:27:31.890,100002,,5.9,40.3,,3.2,26.8,,,7.6,Lunch,0.0,,11.4,654.0,UTC+0530,3QItrwNcp5,,3.4,0.0,com.sec.android.app.shealth,,,82.6,,,,ffb72038-c177-4422-a920-6c9d12c0d774,,
,241.0,62930070,1.7,0.0,0.0,,,88.0,,2025-03-04 12:30:00.000,,,,,,,,,608.5,,,62930070,0.0,12.6,2025-03-04 18:41:44.384,2025-03-04 13:40:32.791,100003,,2.6,116.1,,1.6,6.6,,,24.3,Dinner,0.0,,642.2,1324.0,UTC+0530,3QItrwNcp5,,2.0,0.0,com.sec.android.app.shealth,,,26.3,,,,d4f812a8-9912-42c3-a6c9-f005ad140de8,,
,600.0,62930070,0.0,6.4,0.0,,,0.0,,2025-03-05 14:12:48.486,,,,,,,,,252.0,,,62930070,2.6,0.4,2025-03-05 14:12:48.487,2025-03-05 14:12:48.487,100001,,0.0,1.7,,0.0,3.8,,,6.2,Breakfast,0.0,,4.4,46.0,UTC+0530,3QItrwNcp5,,0.4,0.0,com.sec.android.app.shealth,,,8.9,,,,54a18a7e-ffe0-4c67-8b8c-684041dec204,,
,60.0,62930070,0.0,0.0,0.0,,,0.0,,2025-03-05 14:14:18.511,,,,,,,,,222.1,,,62930070,0.0,5.3,2025-03-05 14:14:18.514,2025-03-05 14:14:18.514,100006,,0.0,52.5,,0.0,0.0,,,24.3,Evening snack,0.0,,641.0,374.0,UTC+0530,3QItrwNcp5,,0.0,0.0,com.sec.android.app.shealth,,,27.9,,,,7662564d-6ab3-49b6-925b-577df131fc86,,
,376.6,62930070,2.6,8.1,0.0,,,18.7,,2025-03-05 14:28:15.873,,,,,,,,,526.5,,,62930070,3.0,5.2,2025-03-05 14:28:15.874,2025-03-05 14:28:15.874,100002,,1.1,14.1,,0.7,7.6,,,4.5,Lunch,0.0,,2.9,270.0,UTC+0530,3QItrwNcp5,,0.8,0.0,com.sec.android.app.shealth,,,41.7,,,,aae52278-c818-4f45-94f8-738a4b068c00,,
,7.4,62930070,0.0,0.0,0.0,,,0.0,,2025-03-05 15:41:31.250,,,,,,,,,336.1,,,62930070,7.1,19.5,2025-03-05 15:41:31.261,2025-03-05 15:41:31.261,100005,,7.0,20.9,,7.0,0.2,,,37.4,Afternoon snack,0.0,,2.5,456.0,UTC+0530,3QItrwNcp5,,4.9,0.0,com.sec.android.app.shealth,,,49.2,,,,a443ea74-4e39-44bc-80ee-19c1058a9b17,,
,0.0,62930070,0.0,0.0,0.0,,,0.0,,2025-03-05 17:27:08.359,,,,,,,,,0.0,,,62930070,2.0,34.0,2025-03-05 17:27:08.362,2025-03-05 17:27:08.362,100003,,0.0,64.0,,0.0,0.0,,,0.0,Dinner,0.0,,0.0,649.0,UTC+0530,3QItrwNcp5,,0.0,0.0,com.sec.android.app.shealth,,,20.0,,,,8801783c-85ec-476a-8e6a-10c7681d5a8f,,
,1944.9,62930070,10.1,126.9,0.0,,,0.0,,2025-03-06 17:45:40.295,,,,,,,,,448.8,,,62930070,8.3,1.3,2025-03-06 17:45:40.298,2025-03-06 10:42:58.166,100001,,0.0,5.5,,0.0,10.8,,,52.4,Breakfast,0.0,,10.9,274.0,UTC+0530,3QItrwNcp5,,0.6,0.0,com.sec.android.app.shealth,,,64.2,,,,d47606b1-4198-43a0-b9cb-8ef06d251057,,
,47.5,62930070,0.0,0.0,0.0,,,0.0,,2025-03-06 10:52:01.330,,,,,,,,,48.4,,,62930070,1.7,1.7,2025-03-06 10:52:01.332,2025-03-06 10:52:01.332,100004,,0.0,7.6,,0.0,0.1,,,0.1,Morning snack,0.0,,0.1,213.0,UTC+0530,3QItrwNcp5,,0.0,0.0,com.sec.android.app.shealth,,,41.1,,,,cd715795-d17c-44b6-8c93-f8eec3d23168,,
,15.3,62930070,1.6,0.0,0.0,,,4.0,,2025-03-06 10:55:15.926,,,,,,,,,391.7,,,62930070,0.0,2.6,2025-03-06 10:55:15.926,2025-03-06 10:55:15.926,100002,,0.2,6.8,,0.1,2.6,,,1.2,Lunch,0.0,,0.3,189.0,UTC+0530,3QItrwNcp5,,0.1,0.0,com.sec.android.app.shealth,,,34.1,,,,87a2015c-8ecd-4108-b8f8-5c5018791701,,
,0.0,62930070,0.0,0.0,0.0,,,0.0,,2025-03-06 17:46:18.060,,,,,,,,,200.5,,,62930070,7.0,27.6,2025-03-06 17:46:18.061,2025-03-06 14:14:42.783,100003,,0.0,106.3,,0.0,0.0,,,22.5,Dinner,0.0,,641.0,1528.0,UTC+0530,3QItrwNcp5,,0.0,0.0,com.sec.android.app.shealth,,,89.9,,,,79e0e70d-f01c-4a19-9ed9-183f4a7e075d,,
,846.0,62930070,0.0,9.1,0.0,,,0.0,,2025-03-07 16:36:53.207,,,,,,,,,355.3,,,62930070,3.6,0.5,2025-03-07 16:36:53.208,2025-03-07 16:36:53.208,100004,,0.0,2.3,,0.0,5.4,,,8.7,Morning snack,0.0,,6.3,65.0,UTC+0530,3QItrwNcp5,,0.5,0.0,com.sec.android.app.shealth,,,12.5,,,,28e4d90f-0ea5-44b7-8509-b3f619f12df2,,
,385.0,62930070,1.9,84.4,0.0,,,0.0,,2025-03-07 16:38:13.804,,,,,,,,,1.0,,,62930070,6.4,0.3,2025-03-07 16:38:13.804,2025-03-07 16:38:07.939,100001,,0.0,1.5,,0.0,1.6,,,26.5,Breakfast,0.0,,4.6,134.0,UTC+0530,3QItrwNcp5,,0.0,0.0,com.sec.android.app.shealth,,,34.3,,,,0eda674d-21be-4d5e-bc62-506f1ada3790,,
,161.5,62930070,4.3,31.5,0.0,,,0.0,,2025-03-07 16:39:41.668,,,,,,,,,502.0,,,62930070,1.8,13.9,2025-03-07 16:39:41.668,2025-03-07 16:38:47.698,100002,,0.1,14.7,,0.0,0.7,,,15.3,Lunch,0.0,,0.8,360.0,UTC+0530,3QItrwNcp5,,5.1,0.0,com.sec.android.app.shealth,,,45.7,,,,7d7a5cb4-60e1-4a2e-a705-bb0c97094548,,
,0.0,62930070,0.0,0.0,0.0,,,0.0,,2025-03-07 16:39:54.299,,,,,,,,,537.0,,,62930070,1.1,21.8,2025-03-07 16:39:54.301,2025-03-07 16:39:54.301,100006,,8.8,7.2,,3.1,0.0,,,8.0,Evening snack,0.0,,0.0,392.0,UTC+0530,3QItrwNcp5,,9.9,0.1,com.sec.android.app.shealth,,,42.0,,,,5a85dc2d-5a98-4187-baca-1575e2456bb5,,
,0.0,62930070,0.0,0.0,0.0,,,0.0,,2025-03-10 19:07:22.807,,,,,,,,,200.5,,,62930070,6.0,38.3,2025-03-10 19:07:22.808,2025-03-10 19:07:22.808,100003,,0.0,123.5,,0.0,0.0,,,24.3,Dinner,0.0,,641.0,1058.0,UTC+0530,3QItrwNcp5,,0.0,0.0,com.sec.android.app.shealth,,,53.3,,,,09841e35-1486-4b1a-9789-af2645f300fc,,
,0.0,62930070,0.0,0.0,0.0,,,0.0,,2025-03-10 19:08:30.870,,,,,,,,,125.0,,,62930070,10.0,10.6,2025-03-10 19:08:30.870,2025-03-10 19:08:30.870,100006,,0.0,30.0,,0.0,0.0,,,2.8,Evening snack,0.0,,0.0,336.0,UTC+0530,3QItrwNcp5,,2.8,0.0,com.sec.android.app.shealth,,,46.6,,,,67afd167-401e-475b-bf31-25e177a40129,,
,0.0,62930070,0.0,0.0,0.0,,,0.0,,2025-03-10 19:08:46.290,,,,,,,,,140.0,,,62930070,0.0,2.0,2025-03-10 19:08:46.291,2025-03-10 19:08:46.291,100002,,0.0,6.0,,0.0,0.0,,,1.0,Lunch,0.0,,0.0,170.0,UTC+0530,3QItrwNcp5,,0.0,0.0,com.sec.android.app.shealth,,,32.0,,,,f82a5b12-7c32-43e8-9fff-d264a7703152,,
